pkg_name,download_cnt_90d,download_cnt_365d
gcite,520,2646
EdSurvey,760,2133
fdq,1092,2523
RBesT,512,1972
recipes,90781,683664
tensorflow,6119,66068
BART,1835,6023
cleanNLP,685,5031
lvnet,961,3491
pinbasic,964,3376
RcppMsgPack,202,1865
SpaDES.core,1452,4754
valr,524,3305
ggeffects,2772,56206
wTO,730,2295
ems,489,1975
GENEAclassify,655,5021
jmv,2990,11147
reproducible,1650,7734
canvasXpress,2134,16688
divest,1728,5834
FRegSigCom,645,2709
hommel,855,2046
pkggraph,382,1447
POUMM,748,2218
Rdimtools,2320,5009
wrapr,2818,12373
DescToolsAddIns,1501,5721
giphyr,992,3381
GJRM,1293,4500
LNIRT,458,2539
mnreadR,1742,2832
palm,727,1862
personalized,418,3523
configr,4272,13340
dimRed,870,231611
helixvis,608,3009
skpr,854,3500
sys,1192,32061
fastLink,1447,4844
fingertipsR,991,7212
FSelectorRcpp,1771,3919
reqres,1071,2565
STARTS,368,2062
AMCTestmakeR,1011,2676
nandb,682,1786
Rcrawler,1333,8026
reportReg,486,1711
aphid,1350,4151
gastempt,376,1315
antiword,3413,45274
arsenal,2805,8305
dtangle,515,1777
httptest,932,10911
idefix,967,3026
MALDIrppa,753,1852
quickPlot,1511,10079
survHE,959,2150
unrtf,426,1988
walker,435,1990
MADPop,631,1697
memapp,676,6022
breathteststan,541,3014
elasticsearchr,1405,3524
exampletestr,1377,5724
gggenes,707,3373
huxtable,2452,9877
worrms,7542,29440
mdmb,812,3323
webmockr,752,3609
WVPlots,1525,5211
augSIMEX,720,5974
autothresholdr,2236,6875
eulerr,959,4980
jmvcore,2517,11187
semtree,477,2597
sessioninfo,761,8477
shinyWidgets,1414,28855
spant,612,2559
KarsTS,1032,2709
sigr,1926,7093
egg,6001,26795
numform,1575,3198
owmr,610,1756
tidyRSS,734,2441
dexter,784,4385
redlistr,369,1460
tesseract,2905,15832
VARtests,411,1423
hutils,953,6937
incidence,1016,4175
automultinomial,631,2393
flextable,1565,10023
gibble,752,3021
mvord,1126,2565
RATest,584,1857
restriktor,589,1960
shallot,642,2321
spatstat.utils,21477,104369
AMModels,2600,4759
cpt,916,2560
filesstrings,1895,8344
GDINA,2128,7030
greta,770,3753
lemon,556,4106
vennLasso,358,1710
rsparkling,3097,12455
strip,687,1791
atus,747,2626
ebimetagenomics,563,2612
spectrolab,326,1458
sugrrants,566,3524
uavRmp,310,1559
vistime,914,2977
ggspatial,1005,2632
BayesS5,1588,3110
commonsMath,687,3307
drake,2640,12370
latexpdf,2773,10992
link2GI,854,2569
electoral,463,1767
JuliaCall,935,26229
microdemic,536,5082
MODIS,1684,5735
PhenotypeSimulator,1089,2789
reactR,544,2572
rlang,848597,4848033
rlas,1196,6983
sitree,928,2442
solvebio,486,2364
texPreview,573,2600
CrossVA,548,2566
d3r,2762,20536
dodgr,2006,4487
mmpf,848,3517
mvLSW,696,3215
NetworkInference,815,2192
rsMove,994,2170
rWind,522,2022
sf,2813,108554
taskscheduleR,1512,7130
trackdem,424,1660
blogdown,7040,31334
DEploid,772,3608
isdparser,7563,31172
websearchr,283,1098
xaringan,1383,6167
bikedata,2877,6808
dLagM,2873,7569
dynamichazard,1064,9270
FishResp,448,1838
meteoland,576,2813
osmdata,2494,8873
bridgesampling,1214,18279
cdata,1055,10442
RApiDatetime,2346,26930
lexicon,2941,17895
ciTools,1680,8513
poliscidata,503,3926
webTRISr,525,1363
wikitaxa,936,24985
xtensor,1592,2309
antaresRead,1902,8952
bsplinePsd,814,3035
charlatan,793,2473
evaluator,735,2174
hNMF,869,2158
PowerUpR,443,1892
PWEALL,1050,2768
sdpt3r,461,1621
BimodalIndex,776,2419
breathtestcore,478,2435
clickR,1381,7525
dataPreparation,1654,7196
fergm,957,2632
GenAlgo,740,2402
pinyin,482,1071
pivottabler,1093,3152
bcROCsurface,984,3455
bookdownplus,1568,5262
grattan,1473,5338
queuecomputer,493,2220
cosinor2,750,2020
crminer,982,4406
define,822,2034
dendroTools,570,5485
dslabs,787,7669
readJDX,647,1928
stormwindmodel,493,1574
analytics,1059,3443
touch,335,1419
GSED,694,3118
hoardr,2770,10456
psychmeta,1143,4513
Rnightlights,616,3399
treemapify,1465,8717
bamlss,1657,3323
mMPA,650,1617
mrfDepth,887,2759
antaresViz,3041,6550
BatchGetSymbols,736,5121
FLightR,1032,2811
GetLattesData,1855,4068
GROAN,974,2385
itunesr,741,2221
partialCI,386,1707
Rodam,395,1562
stacomiR,359,1402
tidyselect,426757,2551544
airGR,1396,5141
emdi,490,2890
NetworkChange,844,2864
wooldridge,903,9104
EFAutilities,934,3989
mindr,748,2066
nucim,572,1886
billboarder,1603,6416
c212,1334,2847
easyreg,515,1983
psda,393,1264
sptemExp,361,1236
pollen,459,2005
ratelimitr,689,3159
rmapzen,720,2451
wallace,885,3339
bazar,1174,5283
googledrive,2280,16459
pdSpecEst,578,3749
spmoran,647,2720
CMatching,607,4518
comtradr,688,3101
PWFSLSmoke,743,2535
uiucthemes,504,1696
auk,865,5202
Delta,1377,2770
partitionComparison,619,1788
rjmcmc,626,2835
soundgen,949,2665
spatstat.data,27970,120242
TileManager,911,2296
ClassDiscovery,1510,4736
dataMaid,748,4426
mdsOpt,829,3243
odr,664,1853
PeakSegJoint,528,1535
RcmdrPlugin.RiskDemo,613,2094
vein,369,2237
tensorBF,355,1487
WeightedROC,448,1206
carData,77504,687527
loon,545,1925
metaplot,519,8090
nanotime,6608,40553
nonmemica,429,2462
clustermq,1432,8160
fDMA,1289,7257
LearnGeom,777,2379
shadow,570,2583
antaresProcessing,1605,8242
BETS,1575,12429
ecm,1645,14786
scalpel,582,1517
textreadr,855,4265
ggridges,17740,143821
boxcoxmix,1280,4757
seplyr,1711,8839
frequencyConnectedness,1176,2823
grf,1378,7600
parallelDist,707,4473
revengc,417,1497
smapr,486,2087
geex,567,1588
geojsonR,995,3543
jtools,982,9269
sparsepp,639,10624
uGMAR,371,1605
HEMDAG,845,3403
RInno,635,3634
datasauRus,906,4094
gravity,737,2957
phuse,471,1959
rcoreoa,335,1404
ROptSpace,671,1805
BayLum,878,2925
CIAAWconsensus,708,3101
dataCompareR,807,3429
replyr,2093,10313
hetGP,705,2427
later,2808,503808
ReIns,852,5193
gdns,471,2244
mbir,593,2960
aiRthermo,1037,3436
graphon,1750,2850
hIRT,1025,1999
reprex,1158,130969
usmap,658,2569
BLPestimatoR,1309,3675
spData,1313,274956
LabourMarketAreas,516,2920
mize,650,1984
moveVis,1441,3715
sgmcmc,404,1673
document,3103,9128
EnvCpt,432,1812
HDtest,482,1834
knor,1133,4468
nse,764,1909
SimPhe,581,1662
bigstep,1434,3483
bomrang,3208,13859
geosapi,822,2847
getCRUCLdata,2122,14680
ggmosaic,2356,8197
grec,1477,2666
merDeriv,742,2674
odpc,651,2093
sjlabelled,16165,94524
fastnet,678,2352
IncDTW,1655,4505
mixKernel,520,1756
PhylogeneticEM,640,1925
prettycode,612,2036
scorecard,1076,6061
zoocat,414,1600
BIGL,1526,4732
datasets.load,3570,14986
ghibli,547,1873
naniar,1007,8174
penaltyLearning,576,2192
rly,2057,3284
udpipe,1276,8881
redR,219,1115
reportROC,282,1528
fitur,1236,4976
ggdmc,473,2190
healthcareai,1791,8386
fastR2,691,2401
gamesGA,406,1352
iMediate,843,3040
sinew,746,3114
taxonomizr,529,1610
bayesImageS,669,4116
intccr,868,2637
lero.lero,576,1603
OOBCurve,694,1830
PeerPerformance,1289,2426
RiskPortfolios,712,2269
covatest,566,3410
fdANOVA,796,2805
cytometree,999,2811
SSLASSO,319,1522
eDMA,1530,3327
MCMCvis,514,2891
tidycensus,2072,12227
vpc,760,3517
bgsmtr,444,1940
mclustcomp,921,2926
supc,635,1543
startup,977,2848
symDMatrix,403,1528
TeXCheckR,1019,5140
tfruns,13875,89549
adiv,1239,2824
BGData,685,2296
gsynth,1299,3811
keras,11376,92843
perccalc,290,1572
quickmatch,601,1618
rtrim,457,1816
scclust,1643,2983
stepPenal,319,1468
CINNA,2049,6271
manet,324,1443
micemd,501,3271
sarima,873,4630
BayesNetBP,1084,3863
BioInstaller,2790,17371
collapsibleTree,1301,5700
Eagle,530,2162
geometa,363,1840
GMSE,523,4413
lidR,1442,7607
lmridge,662,2329
rstantools,9544,45134
rvinecopulib,997,3753
SSBtools,555,1765
TLMoments,638,1770
quickblock,653,1581
rsolr,401,1551
lagged,1053,4930
RLT,761,3320
shinyFeedback,488,2071
censusapi,1396,4898
dwapi,1239,5125
hrbrthemes,2919,9758
IPEC,738,1868
mockery,755,5974
sweep,1660,8651
timetk,7086,40792
narray,475,2521
AbSim,1003,7113
bigstatsr,2067,4045
DMMF,1274,3156
GPrank,881,2281
haploR,1051,6145
optrdd,403,2198
textutils,760,2149
batchtools,726,9285
castor,1486,7833
datastructures,666,3729
mapedit,2214,11300
openEBGM,560,2997
processx,13424,214406
BMisc,1511,4926
cholera,742,3912
civis,3596,61062
distances,3410,6360
vetr,661,2671
LMfilteR,1065,2519
powerlmm,530,2750
ProliferativeIndex,472,1429
snakecase,586,64504
EL2Surv,703,2019
kirby21.base,692,2782
kirby21.fmri,551,1942
kirby21.t1,733,2291
sequoia,818,2127
subprocess,4919,35645
genBaRcode,503,2019
libstableR,573,1718
MCMCprecision,563,2149
jcolors,463,2216
IDmining,690,3160
PRISMAstatement,446,1718
taxa,539,3096
gridsample,1318,3710
nsROC,368,1346
roadoi,842,2625
tmaptools,11201,46970
coda.base,2122,5760
crochet,1012,3727
DSAIDE,968,3845
gasfluxes,1016,2714
MatrixLDA,462,1784
reticulate,9897,117768
rPraat,376,1224
simmer.plot,2627,6598
ggformula,21915,118827
icesTAF,781,4376
pre,669,2369
TOSTER,516,3079
bayesplot,11252,66729
LncFinder,567,1656
colourvision,700,3923
hyper2,1245,2625
flifo,858,2348
gcKrig,820,5014
geomerge,508,1669
janitor,1964,13238
statip,664,2057
dotCall64,495,62336
reghelper,598,2267
sylly,653,4153
makedummies,636,2318
woeBinning,601,3309
CBCgrps,2447,6016
CSeqpat,904,1792
aws.ec2metadata,939,5539
errors,1358,4503
GPoM,574,1839
projmanr,568,2217
regplot,408,1891
dbplyr,51474,771753
netCoin,607,2631
oddsratio,950,4209
shinyjqui,924,3396
simglm,549,1933
textTinyR,1727,3429
anMC,640,2779
safer,349,1549
mapsapi,1059,6053
nmaINLA,500,1666
officer,16579,75558
textclean,2586,14333
WordR,785,4050
ggiraphExtra,1278,5443
MSbox,404,1825
survutils,538,1559
BAMBI,2151,4873
ggpval,947,2304
wdman,10737,42737
BALCONY,1229,6072
ggstance,1786,8270
lumberjack,673,1765
Seurat,9245,52909
spind,911,3674
spm,845,3409
vagalumeR,507,1730
blastula,611,2884
ncar,1638,4511
NonCompart,2449,6951
rwalkr,1647,3932
binman,6568,35117
CNLTreg,1028,2374
CNLTtsa,918,2233
future.batchtools,928,5898
qqplotr,1095,6683
rmpw,451,1478
SmoothWin,449,1744
CATkit,1538,3604
CodeDepends,876,4629
dgo,1082,12238
easyDes,682,2268
glue,294869,2837976
pinp,8524,35741
rmda,511,2460
RTransProb,429,1665
scatterpie,833,3535
BayesianTools,1753,7074
beyondWhittle,1775,3290
DendroSync,609,1941
GCalignR,786,2767
keyring,1053,4847
ordinalForest,388,1745
spacyr,914,31387
WRTDStidal,406,1692
benchr,753,10263
GreedyExperimentalDesign,564,1920
MODIStsp,1102,5010
Rlinsolve,1366,3244
SpaDES.tools,1117,5650
FRK,1613,8349
htree,501,1984
incadata,752,2246
Rlda,628,1974
gemlog,462,4449
MAGNAMWAR,361,2693
qGaussian,538,1646
spass,374,1490
desctable,974,3166
polyPK,429,2026
bayesDP,2973,8099
cetcolor,753,2468
crul,4183,65120
MetaSubtract,462,2960
pdfsearch,490,1928
qicharts2,1530,7540
rhoR,403,1656
spelling,1042,28304
phylopath,510,2661
ggforce,5039,31478
ggraph,7301,29962
AcousticNDLCodeR,1677,3470
CytobankAPI,852,4066
docxtools,1157,2856
ggfittext,2404,11412
bmixture,1815,5081
permDep,319,1347
satscanMapper,276,1154
GADMTools,1264,2876
kernelboot,996,3745
visdat,1249,8895
DatabionicSwarm,1078,5940
GeneralizedUmatrix,640,3084
ggedit,3314,7401
glmmTMB,1015,41955
processmapR,1002,4824
spup,315,1461
disco,813,2072
drtmle,715,2533
neatmaps,575,1795
simule,529,2158
bupaR,1806,7033
GenomicMating,1196,2912
ImputeRobust,1359,3354
biolink,1099,2938
crplyr,773,2545
expint,6794,31171
learnr,2563,15778
mfe,640,1701
multicmp,718,2284
pool,3015,14671
SCORPIUS,410,2079
support.BWS2,752,1776
taxlist,628,1925
vegtable,430,1522
cld3,795,2951
dynOmics,502,1971
prioritizr,137,662
raptr,785,2608
ropercenter,585,1510
SimMultiCorrData,398,1771
colordistance,886,2302
CytobankAPIstats,487,2362
dng,1151,4348
GBJ,845,2253
ClusterBootstrap,700,2679
fetchR,1360,2789
jpmesh,661,3111
padr,1931,22372
treeDA,352,1284
unpivotr,600,1964
catcont,549,2507
cellWise,1289,3841
multinet,644,2092
phylogram,482,2675
coreCT,1121,2743
mosaicCore,34584,120915
patternplot,380,1812
RIA,829,2622
splot,410,2134
hexSticker,1489,4555
KnowBR,676,2549
subscreen,333,1268
BUCSS,620,2822
fastDummies,932,5555
googleLanguageR,1453,5639
LEGIT,1797,4249
mlrMBO,1628,5994
tidyxl,1122,3568
momentuHMM,698,3783
womblR,348,1360
chinese.misc,5722,9912
cstab,826,3503
ggimage,2817,10380
prodest,538,1675
rdiversity,375,1465
spam64,3641,18248
uptasticsearch,4185,10412
ahnr,1711,4339
asciiSetupReader,1749,3927
bayeslm,2531,8582
CircularDDM,1450,2768
MetaComp,592,1967
fuser,809,2192
walrus,553,1638
AdhereR,724,2575
bsamGP,1921,7675
loder,682,1896
MultisiteMediation,666,1702
prophet,9959,38943
jpndistrict,934,1718
lingtypology,1256,7868
tuckerR.mmgg,434,1331
ROpenDota,416,1403
beginr,1691,3739
diceR,622,6339
jwutil,441,1764
leaflet.minicharts,3125,8611
manipulateWidget,1121,5680
ompr,745,3746
ompr.roi,682,4000
rclimateca,689,2345
StatCharrms,444,1814
teachingApps,639,2064
odbc,3391,62228
bivrp,714,2353
briskaR,650,2885
ConR,815,3658
fst,1551,13724
LAM,373,2029
mixR,1001,2044
RegularizedSCA,481,2019
textshape,2438,17120
tigreBrowserWriter,466,1708
wikilake,495,1562
SPAtest,577,2763
alterryx,983,3152
networktools,536,2541
powerCompRisk,495,1471
Tcomp,692,2902
pkr,575,2073
qrcmNP,330,1437
rwc,462,1391
tangram,436,1686
excerptr,4212,5393
LocalControl,1380,2602
shinymaterial,1744,6493
hmi,951,6097
PSTR,798,2314
sitreeE,397,1366
welchADF,345,1420
metaforest,491,2458
redux,490,3702
graphkernels,1161,4413
purrrlyr,3074,15957
ramcmc,404,1671
RatingScaleReduction,523,1686
RchivalTag,1060,1921
rdwd,639,2677
StructFDR,408,1829
DClusterm,1123,2460
joineRML,747,5065
qgam,552,2215
RHMS,741,2196
MetaLonDA,578,3229
aws.s3,16292,82065
clampSeg,715,3075
DisHet,866,2554
edgarWebR,2819,10774
PeakSegOptimal,368,1501
BiDAG,2189,6096
DPP,1090,2411
lvec,873,2559
neurohcp,467,1772
bssm,1877,6549
frailtyEM,1867,5506
ukbtools,455,1875
unsystation,404,1525
ALA4R,813,3924
genotypeR,500,2213
ICtest,473,2513
margins,2053,13220
microPop,724,2292
philentropy,527,4389
prediction,988,21407
quadprogXT,536,2468
regnet,372,2296
templates,430,1656
ziphsmm,1458,3724
AIG,2324,8231
easycsv,1843,4377
kableExtra,3251,62752
tabularaster,517,3468
MAVE,1166,3742
HURDAT,361,1444
kutils,884,2349
StepSignalMargiLike,461,1462
CrossValidate,1205,3510
GAparsimony,488,1955
ggjoy,15758,30989
Modeler,832,2622
randgeo,770,1834
rdist,1263,4374
rsurface,278,1264
SIBERG,656,1342
simsurv,456,2187
Umpire,364,1389
ClassComparison,1067,3781
datadogr,1335,3001
diffusr,845,3303
implyr,762,3917
oompaBase,1359,6547
Polychrome,953,2246
PreProcess,740,3201
TailRank,770,3554
tukeytrend,324,1399
ChoR,872,3803
datasus,1323,3505
rust,604,3162
HTSSIP,492,2916
missRanger,669,2600
PBNPA,378,1933
vortexR,858,1886
base64url,658,6304
ffstream,667,2016
MTA,584,1930
rbi,769,2326
treespace,662,2089
mltools,1505,5750
ASIP,2047,4608
cld2,2067,4903
dartR,2469,6549
Knoema,1116,3918
MEclustnet,435,1804
openSTARS,418,1573
Select,650,2479
shiny.semantic,689,3870
blandr,856,3331
MVisAGe,580,1680
readtext,2911,34530
ROI.plugin.alabama,413,2144
writexl,3881,30876
BIEN,1554,5328
tidyquant,3764,26901
coga,1445,4744
DescriptiveStats.OBeu,1398,4041
gdpc,1231,4120
LeArEst,1041,2137
preference,361,1704
CondIndTests,798,3491
dlib,862,2439
gWQS,465,1879
lmvar,783,2674
nardl,394,2769
sensors4plumes,487,1378
imagine,501,3868
optional,858,2722
FactoInvestigate,826,5066
pbdRPC,587,2095
rpms,384,2474
DAC,872,2464
olsrr,979,19613
ProjectionBasedClustering,751,2343
SurvDisc,377,1480
glm.predict,1543,5259
jsonld,711,3090
weco,364,1423
AR,961,3630
mrbsizeR,570,1602
PLMIX,456,1766
PLmixed,792,2578
pointblank,370,1483
RAC,414,1767
brt,972,2393
estprod,573,1807
IMIFA,777,2333
Jdmbs,723,2320
nprobust,408,1803
sbart,588,1495
BBMV,646,2940
convexjlr,844,3478
predtoolsTS,381,1949
sqlscore,421,2177
mathpix,800,2759
mrgsolve,1458,4648
vdiffr,655,10686
FHDI,625,5090
SpatialFloor,282,1338
edpclient,1621,4288
enviGCMS,644,2417
lavaanPlot,1013,3654
MiRKAT,497,1797
MittagLeffleR,352,2749
nowcasting,588,2099
survivALL,596,1965
worms,395,1623
EpiCurve,788,3033
MARX,467,1768
VarReg,529,1579
APML0,3558,9102
komadown,613,1690
leaflet.esri,807,2650
rpql,409,1546
leaflet.extras,3676,22323
s2,528,1858
interflex,1381,2675
utilsIPEA,1058,3623
wiqid,405,3032
ClusVis,760,2472
denseFLMM,886,1994
mschart,1019,3625
esmprep,628,2798
HiCblock,300,2188
HiCglmi,411,2012
stampr,546,1589
bioOED,1079,2524
genderBR,716,2268
uncmbb,286,1258
brglm2,1713,4324
classiFunc,796,2759
corehunter,473,3642
meltt,835,4824
sglg,436,2050
foghorn,695,2799
yesno,454,2543
fpp2,1825,14054
gldrm,673,2963
MultiVarSel,541,1691
survtmle,390,1464
tsensembler,411,1851
bioimagetools,1556,4421
di,1225,3846
snpReady,414,1724
nmw,631,1853
swmmr,363,1693
AnnotationBustR,1100,2751
esvis,711,2311
SentimentAnalysis,1836,10042
spc4sts,647,1743
textstem,650,4368
ggconf,677,2285
liureg,737,2048
ReinforcementLearning,831,2782
tint,1198,3084
alfred,1511,7793
eply,1074,3520
RWildbook,1355,2560
bsplus,1137,3334
kernplus,384,1611
bigKRLS,1508,7231
data.world,1244,5584
factorMerger,1021,4719
fbar,1330,3693
ForestTools,1700,3788
APfun,1184,4863
epidata,958,2492
toxplot,355,1273
UncertainInterval,530,1483
sparseFLMM,408,1980
cvequality,779,2477
errorlocate,713,2156
mstR,641,2135
normalr,474,1803
bindrcpp,3900,1380373
geofacet,1683,5324
phantom,1517,2835
SeqKat,449,1171
encode,1294,3733
productivity,513,2906
SubTite,392,1974
bairt,794,2825
dfped,755,2359
ssc,371,1492
quotedargs,350,1530
blob,1951,408171
interp,1525,4389
orthoDr,725,1999
windfarmGA,627,2192
DMRnet,801,2823
sfdct,393,1653
DPWeibull,795,2262
GPGame,798,2489
SetTest,442,1367
AdapSamp,1038,3824
horserule,658,1685
incR,500,2119
RNRCS,377,1468
descriptr,611,4302
eventdataR,1045,5964
rarhsmm,740,2255
gamRR,682,3824
metScanR,637,2857
RNAsmc,493,2009
g2f,514,2004
QuantTools,1329,6559
Rgb,801,2288
datetime,834,4054
splithalf,426,1499
survidm,434,1622
wpp2017,1185,4392
EthSEQ,1258,4629
metaviz,670,2162
MonteCarlo,1527,5217
rdlocrand,1134,3540
adaptiveGPCA,1258,3791
gfmR,633,2239
patentsview,482,2980
assignPOP,664,3847
bindr,2513,1042468
pacotest,1026,2100
xtractomatic,409,2026
aniDom,1324,3897
gfer,516,4137
widyr,2053,13508
datetimeutils,676,2775
Rcriticor,343,1204
rmonad,692,2187
sim1000G,368,1516
cronR,1216,4396
EpiILM,1127,5371
wgeesel,480,2326
lime,3115,16310
anomalyDetection,2246,11092
ACMEeqtl,1248,3837
KraljicMatrix,958,3507
origami,538,2230
robets,707,3617
slickR,772,2745
adeba,1000,3663
hansard,557,4750
RcmdrPlugin.aRnova,852,4467
tmcn,1358,5860
OpenML,1086,5876
rpostgisLT,432,1748
ashr,959,3179
DoE.MIParray,613,2640
fauxpas,700,3553
GetITRData,1164,3280
ldhmm,1361,3800
idmTPreg,553,1556
projector,378,1468
worldmet,557,1781
zenplots,346,1558
fuzzywuzzyR,906,4492
photobiologyLamps,408,1643
rospca,844,2184
nzpullover,777,1708
Rcssplot,516,1943
rpgm,790,5429
stoRy,608,1743
bea.R,1330,4754
CPBayes,1169,2708
multfisher,351,1403
BEACH,676,2425
lassopv,1183,2449
suncalc,505,105471
VeryLargeIntegers,481,1708
CircMLE,937,2888
sNPLS,619,3439
confSAM,824,2103
ratios,527,1564
ggmuller,1275,4309
PakPC2017,1266,7307
Brundle,1012,3012
clust.bin.pair,486,2003
ratesci,442,1792
EMMIXcskew,795,2060
inferr,1013,2905
mopa,224,1188
Rilostat,547,1945
revdbayes,343,3010
swCRTdesign,475,1569
tatoo,1027,2742
fivethirtyeight,5610,12602
tidygraph,1133,8610
npcopTest,449,1463
vote,559,1637
adepro,985,2820
OutliersO3,600,2868
PTXQC,512,3015
valuer,368,1474
MBC,463,2195
multiApply,383,1520
quantoptr,519,1731
survivalsvm,356,1872
aVirtualTwins,607,2388
gk,939,3196
pcev,352,2235
ICSOutlier,404,1800
pipeGS,519,2006
SpaDES.addins,739,2878
cifti,480,2297
gifti,757,2310
modmarg,658,2397
opticut,626,1833
denoiSeq,608,2250
nlsr,926,2914
OOR,562,1611
BeSS,2313,6145
ggQC,816,2403
RBMRB,703,1998
robustBLME,401,1439
spatstat.local,540,1662
tibbletime,2047,15285
atsd,732,2620
ludic,655,1890
phylotate,366,1821
tRophicPosition,302,2031
waver,643,1653
clustRcompaR,1044,2474
libsoc,543,2119
zeallot,530,14977
ANOVAreplication,1065,7251
bigtcr,483,1991
kokudosuuchi,574,3262
languagelayeR,499,2304
censusr,701,3399
diagis,523,2837
finch,1112,2700
gradDescent,882,3499
heims,519,2197
datapasta,1905,5185
highlightHTML,630,1967
TCIApathfinder,394,1271
BibPlots,1508,3807
Xplortext,206,1249
gLRTH,557,1663
OmicsPLS,568,2230
pals,737,3591
CreditRisk,1624,3768
LinkageMapView,736,3068
nofrills,770,3065
rMR,1150,3195
tropAlgebra,363,1259
dat,1148,4147
equSA,2001,5831
abjutils,974,3108
lbreg,347,1986
PSW,470,1786
RNAseqNet,409,1603
rrpack,332,1702
canprot,573,2597
dtree,672,2661
SMMA,498,1517
mau,667,1959
optimus,542,1613
ROI.plugin.lpsolve,378,2320
splashr,509,2136
easySdcTable,1011,3050
COMBAT,971,2665
cordillera,614,2490
photobiologyLEDs,407,1610
Emcdf,971,3394
preText,422,2324
PRIMME,367,1571
rSQM,382,1850
tsdf,391,1294
brant,1674,4685
IATScore,430,1679
influxdbr,1310,6218
MultiRNG,750,1997
RandPro,563,1948
rFSA,401,1562
UnivRNG,322,1419
elevatr,1810,4184
Rbgs,68,670
RGBM,945,2126
univOutl,293,1582
constants,878,2617
csv,3308,14978
dynsbm,1105,3105
sgee,391,2199
grove,941,2364
fmbasics,1275,3489
MatManlyMix,717,1825
fastrtext,3243,4911
fmdates,2219,5020
ipft,2980,5423
SparseDC,352,2198
tidystringdist,400,1676
Biolinv,1015,2778
miRNAss,612,2137
naivebayes,1822,12366
sofa,579,2034
bhm,605,2558
rxylib,462,1644
widgetframe,2427,6273
msde,372,1889
mudfold,439,1469
AmesHousing,1312,7351
PKPDmisc,553,2091
stringformattr,560,1799
SyncRNG,380,1488
zonator,479,1594
cleanEHR,1048,2832
gofastr,1168,3504
BisRNA,765,2797
clustEff,1649,3092
GMAC,707,2212
elo,688,3386
libcoin,387,6206
corpus,5872,23235
inum,1286,2560
refset,340,1535
parsemsf,598,2054
Inventorymodel,869,3170
plotrr,843,2630
mazeGen,1456,2739
mdw,434,1533
networkGen,523,1591
striprtf,339,2326
xesreadR,738,3250
EAinference,2560,4022
harrietr,874,3045
NestedCategBayesImpute,504,1787
adapr,2101,4394
goftte,1186,3307
passport,386,1568
SASmarkdown,399,1746
MUS,498,1626
Dforest,632,2011
phase1RMD,642,1844
simEd,383,1800
cctools,834,3237
unitizer,763,1895
CorporaCoCo,957,2732
IDCard,1632,2752
MHTdiscrete,587,2009
powdist,550,1613
futility,611,1954
KMgene,899,2063
LCF,554,1808
ManifoldOptim,699,2321
epicontacts,956,3221
ICRanks,1330,3011
RcppHMM,683,1977
RcppTN,464,1703
AWR.Athena,740,4000
wicket,1168,11528
easyAHP,865,2752
xslt,704,3168
gamreg,487,1884
revgeo,316,1800
spiderbar,960,3379
sppmix,658,1885
modest,781,2820
ICCbin,639,2678
dparser,847,6599
StakeholderAnalysis,463,1350
qboxplot,630,1907
rsample,531,7970
ThankYouStars,706,1629
BatchMap,1016,3037
anocva,896,4387
PdPDB,443,1723
rGoodData,784,2424
rLDCP,419,1679
rODE,746,2223
geojson,1333,25212
epxToR,1036,3029
Diderot,1882,3235
RcppQuantuccia,752,2812
ArCo,1062,4428
lplyr,914,2999
Pstat,765,2323
RJSplot,545,2501
slowraker,651,1929
infraFDTD.assist,610,2511
MBHdesign,985,5369
phylocanvas,691,3021
rsurfer,235,1135
coppeCosenzaR,1160,3398
vfcp,412,1545
countyfloods,980,3267
FinAna,521,3500
kaphom,1311,2314
meanr,597,2405
routr,805,1839
GerminaR,1427,3762
WWR,692,3231
cbar,2006,4327
MOEADr,791,2043
MoLE,420,1613
nspmix,466,1652
optimization,718,3280
EfficientMaxEigenpair,438,3773
MHCtools,378,1490
WaveLetLongMemory,454,1913
zFactor,377,1436
debugme,960,36236
docuSignr,1145,3203
groupdata2,779,2747
oii,604,2276
ROI.plugin.msbinlp,316,1607
ROI.plugin.optimx,382,2026
liteq,549,1700
EasyMx,484,2384
htm2txt,1474,2599
mafs,1243,4010
monoreg,485,1506
LZeroSpikeInference,347,1799
geomedb,480,2236
sicegar,693,2192
vennplot,715,2321
GSMX,431,2377
rucrdtw,561,3384
curstatCI,1646,2866
icmm,1179,2201
iDINGO,943,1969
HybridFS,1188,2311
brea,556,2116
colf,882,3114
RcppBlaze,576,1853
Replicate,578,1662
BMhyb,1551,3063
D3partitionR,1733,3750
editData,3061,9100
BaTFLED3D,1369,3560
BrownDog,705,2827
DWLasso,1404,2801
DataEntry,1003,4076
proustr,349,2200
confinterpret,1157,3456
additiveDEA,1471,3287
TSCS,243,1060
msaR,680,2811
basictabler,958,2756
msu,496,1432
SimTimeVar,507,1510
statsDK,3570,10410
apercu,669,3075
CHMM,615,2712
MFKnockoffs,984,2064
ArchaeoPhases,1462,5061
breakfast,551,2250
glacierSMBM,337,1551
isnullptr,681,1806
pder,3172,17384
pifpaf,298,1176
ecoseries,2339,6698
EventStudy,1853,4994
importar,689,1793
kfda,434,1597
LFDREmpiricalBayes,411,1561
tinyProject,313,1387
BNPMIXcluster,1363,4952
coinmarketcapr,1365,4582
d3plus,706,2165
econullnetr,564,1877
prioritylasso,510,1962
parlitools,802,3406
leabRa,508,1578
mosaicModel,476,12199
MRFA,887,1909
OBMbpkg,305,1330
RcmdrPlugin.sutteForecastR,594,2253
regexSelect,360,1483
USCF,311,1245
brazilmaps,719,2488
magicLamp,569,1613
QLearning,507,1579
rstansim,412,1649
softermax,470,1444
cptec,772,2054
ensemblepp,707,1894
FDRSeg,1243,2570
ROI.plugin.clp,500,1955
binaryGP,776,2217
BMT,787,2393
curvecomp,685,1932
envDocument,949,2940
EQUIVNONINF,617,2112
fusionclust,395,1397
gma,455,1575
IGP,466,1662
kpeaks,450,2663
SiER,329,1269
sure,428,1400
BNSL,684,3668
leafSTAR,470,1373
mcMST,948,1967
tsgui,487,1385
cytominer,631,1810
randnet,643,1613
rbtt,568,1492
SampleSize4ClinicalTrials,566,1711
DES,730,2241
googleComputeEngineR,956,4822
MsdeParEst,550,1532
wildcard,826,2614
AurieLSHGaussian,1615,3282
CATTexact,681,1957
gradientPickerD3,521,1568
linemap,521,1666
MFT,387,1434
veccompare,363,1234
CausalImpact,7396,27432
causalMGM,1203,2416
glassdoor,520,1688
ADPF,826,3295
auto.pca,1195,2803
DCD,852,2004
medmod,481,1819
PredPsych,638,2266
unifDAG,393,1279
GauPro,478,3702
nos,349,1454
opendotaR,408,1328
sutteForecastR,492,1778
yuimaGUI,868,2525
MTSYS,879,1900
CARS,3242,10733
fecR,297,2449
GeoMongo,1191,2474
RTaxometrics,621,1781
distrr,794,1929
repurrrsive,1396,5298
SMM,528,1469
AWR,1702,4462
Bios2cor,1163,2608
cprr,760,1924
mapReasy,473,1485
modelwordcloud,566,1569
multilaterals,413,1298
PakPMICS2014Ch,462,1361
PakPMICS2014HH,436,1328
PakPMICS2014HL,451,1358
PakPMICS2014Wm,439,1323
unjoin,369,1315
csabounds,668,1798
FactorsR,837,2842
madrat,572,2040
Ohit,478,1425
TNC,249,955
UdderQuarterInfectionData,357,1188
FuzzyNumbers.Ext.2,793,4481
graphql,838,4754
RcextTools,307,1503
VDSPCalibration,366,1176
billboard,1053,2675
BosonSampling,715,2276
cbanalysis,701,2512
dplyrAssist,1697,4270
freqdom.fda,831,2530
re2r,395,1380
RGeode,371,1280
threshr,449,1447
alphavantager,1205,12640
doubcens,662,1725
pcdpca,942,3762
ShinyImage,688,1880
AlphaVantageClient,1142,3136
BinarybalancedCut,804,2359
afpt,643,2230
cr17,445,1750
DelayedEffect.Design,459,1742
EcoIndR,790,2211
Inflation,371,1395
jaod,427,1449
rDotNet,392,1450
ari,741,2654
cdparcoord,641,2113
npphen,534,1501
wktmo,467,1873
cenGAM,683,1879
deltar,696,1810
seedCCA,372,1229
ebmc,709,2165
FPV,628,1874
LowWAFOMSobol,925,1964
mcompanion,461,1412
MTE,475,1433
nomogramEx,359,1940
PeriodicTable,478,2053
sensitivitymult,310,1317
caffsim,1478,2684
ccmm,643,1855
dmutate,958,2846
PSIMEX,727,1684
SpatialEpiApp,616,2186
LowWAFOMNX,1319,2420
prcr,1308,3450
accSDA,1089,2836
Ecohydmod,721,2013
mExplorer,525,1484
multdyn,571,1787
noncomplyR,501,1422
Strategy,359,1624
ActiveDriver,856,2887
genepop,994,3228
kntnr,597,2673
macc,431,2023
ConfigParser,677,2289
esreg,879,2047
R2DGC,380,1373
simpleCache,493,1610
SLICER,516,1670
STARTdesign,452,1321
Wrapped,575,1603
InfoTrad,1187,3902
ircor,569,1561
GRCdata,562,1765
happybiRthday,489,1409
ccRemover,2132,4412
sasMap,472,1388
CompDist,736,2087
forwards,675,1746
gamCopula,823,2502
AssayCorrector,857,3004
atlantistools,1119,3475
IceCast,760,1865
ggquiver,597,1808
GrpString,1654,3736
LBSPR,447,4129
PeakSegDP,383,1419
samon,363,1206
SorptionAnalysis,375,1301
CIplot,813,2282
ConfoundedMeta,2734,4298
fastJT,1797,4254
lmmen,382,1400
tsiR,489,1724
rdpla,537,2053
dataMeta,579,2654
IAbin,794,1956
rasterList,673,1700
rcv,903,1810
valaddin,583,1946
vanddraabe,362,1159
vocaldia,492,1606
GEint,474,2264
IPMRF,1035,2517
poker,528,1481
PsyControl,399,1221
kangar00,4061,17932
OHPL,574,1845
blink,801,2219
default,866,5363
multiCA,409,1757
permGS,491,1819
statesRcontiguous,569,1834
restfulr,504,1937
ggversa,794,1921
italy,642,1610
equaltestMI,763,1922
GFA,474,2838
metaBMA,1083,2248
RcppXPtrUtils,541,1587
soilcarbon,366,1616
SpatialAcc,367,1335
banR,803,2533
cranlike,639,2830
echogram,952,2458
EMAtools,1542,2947
ggsignif,18687,189730
lmmpar,462,1439
multistate,390,1316
rddensity,1440,2955
svenssonm,356,1210
ambhasGW,1165,2781
GreedyEPL,632,1844
IrishDirectorates,577,2546
MixtureRegLTIC,897,1872
rtimicropem,348,1235
subgroup.discovery,500,1407
tbl2xts,658,1954
ThermIndex,377,1298
dejaVu,698,1902
DoEstRare,648,2032
fasjem,1362,3307
glmnetUtils,706,10541
kpmt,576,1548
structree,361,1585
nonlinearICP,712,1705
fChange,835,1974
rclipboard,658,2271
RkMetrics,756,1546
CDVineCopulaConditional,981,2941
mmtsne,618,1571
lsplsGlm,581,1577
mosaicCalc,6297,24153
optiSolve,450,1696
iRF,792,2138
maxTPR,535,1498
unrepx,435,1513
bayeslongitudinal,787,2140
concaveman,898,3711
ggseqlogo,1515,4161
MRTSampleSize,593,1610
PowerNormal,1013,2080
seqICP,576,1505
sidrar,921,2771
GGEBiplots,774,2616
pcensmix,290,1135
c2c,716,2034
geoGAM,462,2304
dsmodels,523,2746
prisonbrief,649,1644
vcov,346,1435
spNNGP,549,1655
DCA,751,2637
BayesianGLasso,843,2499
FastSF,968,2290
harmonicmeanp,395,1465
ivregEX,454,1854
liquidSVM,881,2748
OBRE,368,1342
scifigure,364,1292
diffpriv,579,1653
social,372,1297
brlrmr,2772,4294
Census2016,725,2306
cnbdistr,794,2039
ercv,652,1825
flexsurvcure,1228,2698
fragilityindex,591,2424
LCox,330,1200
sergeant,463,1737
gh,3543,36658
llogistic,506,1715
senstrat,457,1361
centiserve,792,2512
docker,1481,3553
DrImpute,537,2219
randomForestExplainer,854,4443
spongecake,500,2040
tetraclasse,372,1260
TSF,517,1418
credsubs,718,1921
geotoolsR,735,1844
interfr,444,1291
noaastormevents,403,1467
facebook.S4,869,2584
interim,722,1741
integIRTy,526,1568
NameNeedle,396,1496
roots,466,1868
AutoDeskR,720,4363
dGAselID,682,3333
FUNLDA,878,2152
netcom,689,1654
oompaData,1105,4185
PoloniexR,457,1876
SFS,615,1649
decomposedPSF,784,2112
fcm,1060,2437
lpdensity,1288,2973
mthapower,464,1432
postlightmercury,792,1794
fcuk,1322,2696
ggplotgui,2541,8953
l1kdeconv,956,2074
mixlink,1416,3082
waccR,348,1294
BNPMediation,751,2245
SobolSequence,407,1411
textile,327,1255
Autoplotprotein,770,2550
correlbinom,652,1881
ggChernoff,673,1859
mandelbrot,587,1729
Robocoap,349,1311
assocInd,649,2162
awspack,1303,2842
catSurv,1639,2857
coxphSGD,672,1881
midas,398,1461
numGen,939,1964
SuperGauss,333,1239
aws.cloudtrail,959,2604
aws.sns,806,3425
aws.sqs,1290,3949
cepR,815,2156
SSM,350,1308
wql,416,1546
aurelius,820,2429
ecolottery,581,1819
mnis,711,3053
autoBagging,974,2479
aws.lambda,934,2634
geoSpectral,1122,2553
hurdlr,767,1814
kgschart,877,1989
quickregression,616,1417
rsoi,896,1978
aws.iam,1147,3473
fence,732,1815
hbdct,810,1836
MicroMacroMultilevel,503,1541
SkyWatchr,718,2358
BiBitR,2446,7795
hhh4contacts,579,1760
scpm,470,1371
StratifiedRF,336,1369
BradleyTerryScalable,665,2270
gsloid,525,1589
kazaam,486,1557
My.stepwise,550,2576
pinnacle.data,455,1514
assertable,3748,7383
ExpRep,570,1915
ForecastFramework,779,2325
goldi,477,1513
ppcc,393,1448
SFtools,372,1333
sparsio,364,1357
FSTpackage,597,1862
gmediation,822,1966
NCSampling,541,1529
Opportunistic,520,1549
otrimle,509,2086
BayesTwin,578,1875
CRANsearcher,785,3218
intRvals,493,1502
plater,513,2176
pltesim,515,1792
rattle.data,2005,15644
twfy,337,1244
net.security,949,1940
tidygenomics,410,1537
DZEXPM,789,2022
MultiSkew,841,1890
BCgee,936,2422
corset,1321,3861
JumpTest,1040,1978
m2r,562,1567
mljar,715,1949
nlsrk,339,1285
SCAT,390,1331
MOQA,576,1609
rMouse,333,1400
rrcov3way,369,1480
swapClass,393,1339
ftDK,627,1754
anchoredDistr,1462,3180
mssqlR,259,1190
POMaSPU,325,1320
rematch2,836,23250
RLeafAngle,399,1370
taxizedb,583,1773
ukbabynames,314,1888
clinPK,675,2059
namedCapture,504,1768
PeakError,506,1786
sfadv,345,1319
forecastSNSTS,1893,4186
processmonitR,578,2765
ECFsup,647,1984
secret,585,2141
CityWaterBalance,605,2108
phenopix,592,2261
baseballDBR,698,2270
dataverse,690,2149
GeoRange,636,1975
mccr,598,2283
pleiades,600,2164
zooaRchGUI,463,1505
nscprepr,694,1744
ZIBseq,596,1509
d3Tree,1770,4399
argon2,886,4597
patternator,370,1359
SanFranBeachWater,363,1360
standardize,1253,4500
featurizer,539,1702
orderstats,400,1492
colorpatch,937,2289
soptdmaeA,507,1481
frequencies,629,1718
getmstatistic,761,2075
mixEMM,318,1338
Risk,334,1807
xsp,322,1306
gqlr,431,1563
iNOTE,326,1388
BAYESDEF,790,2335
bdlp,655,2169
covfefe,689,2015
gamlssbssn,470,1604
gghalfnorm,597,2337
HDCI,346,1685
iadf,426,1559
piton,755,3404
pwrAB,357,1407
rpst,290,1247
themetagenomics,353,1628
zstdr,121,451
capn,616,2200
imaginator,463,1630
ck37r,1023,2455
eesim,911,2118
glmertree,987,3245
KRMM,761,1836
NB.MClust,1044,1973
hypersampleplan,545,1580
logOfGamma,562,1814
webglobe,241,1080
kerasR,2429,8857
QPBoot,514,1498
baitmet,1149,3428
difconet,691,1915
ElastH,900,2188
ids,549,3870
ImaginR,529,1702
logistic4p,502,1636
pencopulaCond,344,1321
mdpeer,606,2265
DDM,667,2040
dfCompare,619,1875
phrasemachine,458,2384
here,1616,29844
SmartSVA,682,2606
didrooRFM,596,2391
polypoly,455,1357
SeerMapper,486,1575
stratvns,474,1511
CharFun,811,2376
stratbr,1016,2137
tictactoe,363,1704
apng,581,2185
rdoxygen,267,1200
timelineR,400,1488
TriadSim,518,1584
lans2r,579,1690
wally,488,1502
RHPCBenchmark,315,1296
RNAstructureModuleMiner,450,1443
ROI.models.miplib,375,1485
rpatrec,777,2420
xLLiM,356,1719
Rd2md,609,1724
sotu,374,1568
NPMOD,532,1576
AHMbook,2061,4537
CATT,1398,2889
checkarg,712,2053
kdevine,671,2210
numKM,430,1438
poisbinom,682,1926
printr,2698,11355
GUIgems,388,1666
easyNCDF,1125,2408
zeligverse,4028,19063
ExcessMass,597,1850
PROscorer,457,1514
rif,811,1828
PairwiseD,592,1669
PROscorerTools,562,1715
slim,437,1877
gomms,456,1587
GEEmediate,655,2685
learnrbook,688,1786
mbgraphic,711,1881
diffMeshGP,702,1932
EpistemicGameTheory,893,2159
fastTextR,696,2234
iGSEA,460,1534
jocre,414,2463
lifelogr,455,1552
shinycssloaders,1777,17813
sinib,386,1335
usedist,364,1427
iECAT,578,1659
lhmixr,344,1371
pawls,418,1421
WebGestaltR,789,2118
lindia,629,1808
lsasim,873,1989
outbreaks,1143,4153
qrsvm,435,1502
AcuityView,886,2812
plotprotein,444,1500
IndianTaxCalc,890,2033
RPEXE.RPEXT,309,1311
PROreg,498,1517
pwr2,703,3132
cowbell,469,1727
crunchy,596,1893
ContourFunctions,576,2060
DataGraph,635,2063
idar,474,1609
seasonalview,1192,5067
kmcudaR,210,606
m2b,349,1422
qrmix,328,1338
discord,538,1771
dsrTest,844,2165
KSEAapp,465,1601
mut,516,1526
ncdump,511,1823
onehot,428,4288
angstroms,731,2320
EML,1074,3794
MHTmult,460,1491
MetaboList,643,2623
pafdR,343,1330
SPADAR,316,1312
ChocoLattes,700,1956
dataseries,1876,4306
mockr,931,11942
casebase,553,1934
gsrsb,466,1545
WikidataQueryServiceR,584,2073
aSPC,645,2168
mstherm,376,1385
bulletr,777,2170
coxphMIC,677,1962
md.log,372,1378
censCov,585,1907
RandMeta,511,1605
zip,13083,56023
ajv,741,2460
BarBorGradient,649,2107
ider,540,1635
nonpar,632,1760
ring,353,1359
selectapref,357,1358
startR,678,1651
chemmodlab,638,2037
CrossScreening,1440,2763
KENDL,736,1807
RpeakChrom,337,1595
SADISA,359,1358
simMP,476,1512
statGraph,426,1624
unix,595,1376
PortfolioOptim,895,2787
PCADSC,424,1464
yarrr,3006,12888
icosa,586,1724
TSGSIS,375,1329
uqr,417,1670
WLreg,393,1350
mro,556,1597
complexity,1792,3206
bayesCL,587,1315
SeerMapper2010East,352,1380
SeerMapper2010West,358,1370
StatPerMeCo,335,1313
thankr,415,1387
fpest,591,1731
nopaco,1590,2734
R2ucare,631,1733
SeerMapper2010Regs,368,1381
spec,595,2043
Tnseq,533,1662
tubern,387,1484
wrangle,534,1587
marcher,507,1592
optrcdmaeAT,450,1439
SeerMapperEast,379,1402
SeerMapperWest,383,1424
fastqcr,1010,2924
GADAG,729,1948
GLIDE,575,1710
D3GB,670,2048
lspline,566,2208
SeerMapperRegs,364,1375
mRchmadness,625,1762
skeletor,326,1603
duckduckr,957,2211
IMTest,1465,5231
MedDietCalc,787,1882
micEconIndex,621,2358
secure,743,1946
sylcount,454,1398
classifierplots,2014,4551
CoFRA,865,2774
eshrink,544,1664
zfa,411,1322
HYRISK,523,1635
TSMN,486,1391
afmToolkit,868,2493
groupsubsetselection,530,1575
nlshelper,549,1640
vesselr,554,1486
xbreed,442,1346
xyz,450,1859
enrichR,780,4156
medicare,702,2249
grapes,666,1752
InterfaceqPCR,697,1791
SARP.moodle,920,1904
tensorr,361,1206
aptg,939,2470
focusedMDS,924,1970
kscons,584,1591
optim.functions,725,1947
BLModel,1041,2945
fam2r,716,1813
metavcov,1076,2250
moezipfR,571,1960
patternize,705,2023
tilegramsR,529,2288
tsqn,469,1391
itan,629,1658
shinyHeatmaply,1989,4368
NetworkRiskMeasures,989,2953
slimrec,567,1332
TeachBayes,904,2804
vortexRdata,511,1499
docstring,862,2365
IPWsurvival,594,1772
PCFAM,533,1485
affluenceIndex,936,2524
summariser,657,2018
tsxtreme,544,1433
CVR,802,2094
pathmapping,681,1657
xlsimple,943,3157
FMC,655,1846
gpg,724,2577
orgutils,542,1520
rnaturalearth,1188,4246
rolr,489,1443
stmgp,451,1355
EstimateGroupNetwork,804,2097
Rvoterdistance,479,1445
shinyShortcut,669,1773
OSCV,715,1682
BASS,1448,3763
BCSub,1280,3439
CNull,945,2213
FlexDir,706,2144
RankingProject,515,1473
rolypoly,544,1485
gee4,849,1960
gatepoints,1479,3552
outreg,754,2075
collpcm,841,2036
radmixture,535,1503
cmpprocess,863,2114
iNextPD,939,2111
rdataretriever,803,2120
HoRM,1139,2447
SigOptR,504,1446
CONS,1154,2537
iSDM,602,1677
SymTS,550,1459
VertexSort,538,1369
badger,856,2237
BCellMA,944,3269
NHLData,667,1747
readOffice,828,2341
cpr,915,2212
otinference,576,1663
remindR,421,1296
edarf,873,3780
funchir,810,1921
gt4ireval,738,1851
MLID,799,1786
twilio,561,1800
VarED,603,1486
CPsurv,1000,2318
SubgrpID,910,1876
CensSpatial,1057,3966
cghRA,904,2182
Dpit,764,2047
cropdatape,868,2018
fitplc,637,2772
gaiah,667,1835
WPKDE,439,1366
DiffNet,669,1802
rcc,506,1598
dirmcmc,794,2058
extdplyr,1386,2628
fontHind,790,1986
fontMPlus,790,1992
gbts,449,2143
leafletCN,1616,4536
misreport,565,1890
automagic,992,2601
AWR.Kinesis,984,2578
betacal,1204,2609
ccafs,1228,2877
europop,1110,2352
som.nn,505,1581
TAR,675,1988
EnviroPRA,788,2016
InvasionCorrection,571,1676
naptime,844,2893
neighbr,3884,18006
prefeR,582,1567
robustarima,910,2636
BayesSpec,977,2515
BCC1997,1202,3307
bsearchtools,1372,3496
DecorateR,1222,2501
lclGWAS,813,2755
mle.tools,621,1933
rnaturalearthdata,713,3119
stdvectors,544,1482
AWR.KMS,1095,2979
BayesFM,1109,5161
colorr,984,2591
fileplyr,964,2021
gMOIP,896,2067
GSparO,622,1675
upmfit,691,1684
educineq,928,2108
keyringr,1179,3283
marinespeed,548,1576
opusminer,866,2830
rope,506,1474
spdownscale,460,1414
ubeR,652,2736
condir,746,1911
velociraptr,520,1606
warpMix,421,1351
dgodata,1062,2602
eefAnalytics,827,2056
paperplanes,710,1725
rapiclient,666,1676
HRQoL,740,1873
maxnet,864,3359
optbdmaeAT,546,1556
BayesCombo,1036,2618
FuzzyStatTra,625,1788
OCA,716,1737
GPB,840,1988
cbird,848,2180
mdftracks,532,1638
QuantileGradeR,770,1737
samplingDataCRT,464,1461
SMLoutliers,464,1457
mbrglm,733,1771
flippant,894,2134
superheat,1198,3737
moveWindSpeed,495,2411
mpe,691,1769
readHAC,667,1731
SignifReg,572,2065
EnsCat,1190,2336
ShinyTester,736,2054
sonify,518,1681
ssmsn,449,1366
iBST,654,1759
flood,783,1967
inspectr,728,2015
observer,726,1765
poio,636,2702
alphabetr,1063,2788
gbp,913,2123
hurricaneexposure,1088,2354
tracer,721,1757
LumReader,531,1528
sparsestep,440,1358
BayesPieceHazSelect,939,2442
eclust,853,2339
nparsurv,474,1452
mutSignatures,820,1918
NORMA,891,1941
powerEQTL,448,1399
rKIN,648,1671
simpleSetup,515,1440
chi2x3way,863,2323
skm,540,1568
ICV,711,1812
intrval,1110,2519
kpcalg,840,2212
mglR,694,1811
SOFIA,536,1554
tea,489,1695
teda,500,1671
rcure,812,1770
testforDEP,535,1576
bytescircle,952,2507
caesar,1009,2415
cleanr,1566,3112
conditions,838,2150
bayesianETAS,1409,3137
rCAT,561,1645
cumstats,979,2524
maxmatching,804,1980
PoSI,722,1888
InfiniumPurify,803,1976
rwars,644,1925
GeneClusterNet,660,1926
SADEG,666,1609
sparkwarc,675,1825
EBrank,672,1876
rld,554,1647
zTree,388,2028
esmisc,656,1912
NetWeaver,921,2103
QRank,448,1495
BoolFilter,838,2327
esaddle,908,2349
rjsonapi,647,2046
sysid,438,1586
BivRegBLS,868,2417
fabCI,571,1828
ltxsparklines,698,1919
Plasmidprofiler,691,1883
semver,7327,35634
crisp,832,2180
FixSeqMTP,1677,3134
requireR,440,1843
dSVA,741,2136
HeritSeq,716,2022
minimalRSD,684,1886
Partiallyoverlapping,602,1714
pwt9,1305,4458
Redmonder,403,1630
tsdecomp,531,2353
TSeriesMMA,420,1633
colr,713,2273
FTRLProximal,992,2418
natserv,5640,26220
awsjavasdk,981,2918
censys,882,2480
hds,577,1856
bossMaps,1043,2904
attrCUSUM,635,2207
acrt,1466,3526
bayesloglin,1274,3017
DStree,880,2811
KTensorGraphs,407,1701
restrictedMVN,329,1424
rFTRLProximal,329,1485
spark.sas7bdat,532,2051
UStatBookABSC,314,1403
DISTRIB,758,2760
factorcpt,1425,2895
utf8latex,698,2098
findviews,2063,3660
ggguitar,1594,3109
ROI.models.netlib,525,1680
ztype,561,1707
crosstalk,23874,430751
pgee.mixed,517,1682
rocNIT,243,1185
SpaTimeClus,336,1458
aws.ses,897,2914
SPPcomb,326,1435
stmgui,845,2201
pipeliner,541,1909
DirectStandardisation,1369,2893
magicfor,648,1978
MTDrh,758,1933
MWRidge,641,1850
PepSAVIms,1412,2610
FinancialMath,1064,3917
coprimary,649,2171
BTYDplus,868,3676
bpp,673,2326
MODISSnow,570,1906
poptrend,377,1576
ampd,1107,3315
DNLC,782,2369
errorizer,906,2324
rtrends,704,1892
CuCubes,980,2451
GLMaSPU,836,2245
magree,361,1598
rrr,430,1751
aws.polly,773,2914
gofMC,523,1765
Radviz,417,1659
DCM,975,2562
icesVocab,640,2061
rccmisc,569,2061
robustsae,506,1636
AmmoniaConcentration,900,2808
bannerCommenter,737,2497
bridger2,613,2150
easypackages,806,5790
melviewr,580,1945
MultiBD,357,1609
optigrab,346,1707
PANDA,573,3044
rt3,364,1545
tswge,556,2881
phuassess,765,1962
SISIR,535,1651
rhnerm,415,1499
ClimDown,707,2485
vkR,701,2403
deconvolveR,638,2126
freqdist,547,1970
gbs2ploidy,547,1894
rxSeq,384,1509
camsRad,759,2518
eMLEloglin,1093,2478
effectFusion,703,2042
listdtr,709,1974
Przewodnik,536,2208
testassay,379,1520
tsdisagg2,707,2530
GeomComb,1101,3423
notifyme,1053,2310
aslib,1132,2949
dynetNLAResistance,837,2273
rIsing,526,1711
rlo,542,1713
survAWKMT2,453,1568
quarrint,446,1585
RDStreeboot,528,1668
epistasis,958,2416
SpaCCr,401,1579
strat,458,1511
mbclusterwise,495,1793
ockc,429,1622
Rdtq,484,1619
pstest,503,1654
relabeLoadings,376,1457
ADCT,901,3056
climbeR,714,2158
DGCA,864,3071
gwfa,731,2015
NegBinBetaBinreg,513,1782
tinsel,381,1402
apdesign,628,2395
colormap,965,3403
WEE,417,1546
PhyInformR,417,1597
CSclone,613,2183
flock,576,2202
jointNmix,497,1753
LEANR,466,1805
Planesmuestra,421,1600
ptest,407,1598
qiitr,429,1640
sparkline,5581,18402
XRSCC,410,1511
medfate,709,2014
cthreshER,537,2015
exteriorMatch,485,1846
RSIP,545,1803
HARtools,487,2346
horseshoe,444,1815
msaFACE,417,1607
pirate,451,1726
rehh.data,1008,3214
wvtool,367,1579
diffrprojectswidget,480,2015
regtools,731,3011
Rga4gh,402,1611
starmie,403,1515
varband,385,1504
diffrprojects,485,2016
varSel,388,1502
ordcrm,335,1443
packagedocs,3655,17740
MiRAnorm,435,1734
rtext,459,1790
stringb,623,2259
rRAP,432,1554
AdjBQR,653,2695
gtheory,624,2789
mhtboot,440,1677
RDota2,452,1773
rgeoapi,410,1757
endogenous,497,1919
spftir,389,1492
triangulation,411,1546
MIDN,445,1693
spellcheckr,419,1658
fizzbuzzR,469,1826
countyweather,620,2320
IRATER,398,1644
gym,519,2269
ABC.RAP,748,3115
corlink,466,1877
ggloop,508,1950
MullerPlot,445,1792
validatejsonr,382,1571
PCSinR,354,1441
cryst,489,1979
TDPanalysis,394,1548
GraphFactor,498,1974
KnapsackSampling,390,1555
fontLiberation,946,7121
RSarules,342,1412
types,394,1583
dbfaker,584,2125
ISR3,498,1947
scan,465,1852
convertr,626,2489
MethodCompare,539,2131
exp2flux,521,1983
haploReconstruct,444,1766
rgw,375,1474
valorate,367,1449
ptwikiwords,392,1532
sharpeRratio,600,2600
tsSelect,369,1461
sAIC,374,1463
ordDisp,385,1567
EBASS,495,1916
fixedTimeEvents,470,1824
expandFunctions,487,1896
sBIC,429,1650
