pkg_name,exported_func_cnt
gcite,15
EdSurvey,25
fdq,27
RBesT,45
recipes,60
tensorflow,6
BART,21
cleanNLP,22
lvnet,9
pinbasic,12
RcppMsgPack,3
SpaDES.core,108
valr,33
ggeffects,9
wTO,11
ems,7
GENEAclassify,28
jmv,18
reproducible,24
canvasXpress,5
divest,1
FRegSigCom,10
hommel,6
pkggraph,29
POUMM,34
Rdimtools,28
wrapr,10
DescToolsAddIns,2
giphyr,3
GJRM,82
LNIRT,3
mnreadR,10
palm,14
personalized,10
configr,11
dimRed,49
helixvis,4
skpr,29
sys,1
fastLink,26
fingertipsR,7
FSelectorRcpp,5
reqres,8
STARTS,2
AMCTestmakeR,3
nandb,35
Rcrawler,10
reportReg,1
aphid,23
gastempt,11
antiword,1
arsenal,21
dtangle,6
httptest,9
idefix,9
MALDIrppa,23
quickPlot,41
survHE,15
unrtf,1
walker,1
MADPop,9
memapp,2
breathteststan,1
elasticsearchr,24
exampletestr,7
gggenes,6
huxtable,43
worrms,17
mdmb,8
webmockr,23
WVPlots,28
augSIMEX,8
autothresholdr,2
eulerr,2
jmvcore,17
semtree,26
sessioninfo,4
shinyWidgets,26
spant,46
KarsTS,153
sigr,36
egg,5
numform,19
owmr,26
tidyRSS,2
dexter,21
redlistr,15
tesseract,1
VARtests,9
hutils,11
incidence,7
automultinomial,22
flextable,34
gibble,3
mvord,19
RATest,5
restriktor,19
shallot,13
spatstat.utils,24
AMModels,14
cpt,2
filesstrings,36
GDINA,34
greta,16
lemon,15
vennLasso,13
rsparkling,4
strip,1
atus,3
ebimetagenomics,10
spectrolab,80
sugrrants,9
uavRmp,16
vistime,2
ggspatial,10
BayesS5,10
commonsMath,1
drake,25
latexpdf,12
link2GI,18
electoral,8
JuliaCall,12
microdemic,8
MODIS,31
PhenotypeSimulator,22
reactR,2
rlang,126
rlas,3
sitree,23
solvebio,14
texPreview,3
CrossVA,4
d3r,9
dodgr,12
mmpf,6
mvLSW,15
NetworkInference,18
rsMove,15
rWind,5
sf,0
taskscheduleR,7
trackdem,16
blogdown,11
DEploid,11
isdparser,3
websearchr,13
xaringan,3
bikedata,15
dLagM,10
dynamichazard,10
FishResp,23
meteoland,33
osmdata,17
bridgesampling,4
cdata,4
RApiDatetime,2
lexicon,32
ciTools,16
poliscidata,45
webTRISr,5
wikitaxa,9
xtensor,2
antaresRead,20
bsplinePsd,14
charlatan,35
evaluator,34
hNMF,8
PowerUpR,63
PWEALL,25
sdpt3r,31
BimodalIndex,1
breathtestcore,27
clickR,27
dataPreparation,22
fergm,11
GenAlgo,6
pinyin,5
pivottabler,27
bcROCsurface,12
bookdownplus,1
grattan,41
queuecomputer,7
cosinor2,11
crminer,16
define,14
dendroTools,14
dslabs,2
readJDX,1
stormwindmodel,35
analytics,3
touch,3
GSED,7
hoardr,2
psychmeta,175
Rnightlights,84
treemapify,7
bamlss,56
mMPA,4
mrfDepth,23
antaresViz,13
BatchGetSymbols,3
FLightR,17
GetLattesData,5
GROAN,35
itunesr,3
partialCI,12
Rodam,2
stacomiR,363
tidyselect,6
airGR,37
emdi,17
NetworkChange,20
wooldridge,105
EFAutilities,3
mindr,3
nucim,16
billboarder,48
c212,36
easyreg,11
psda,14
sptemExp,39
pollen,3
ratelimitr,3
rmapzen,22
wallace,2
bazar,22
googledrive,49
pdSpecEst,11
spmoran,5
CMatching,5
comtradr,7
PWFSLSmoke,108
uiucthemes,2
auk,20
Delta,15
partitionComparison,52
rjmcmc,6
soundgen,88
spatstat.data,56
TileManager,8
ClassDiscovery,14
dataMaid,53
mdsOpt,4
odr,3
PeakSegJoint,22
RcmdrPlugin.RiskDemo,22
vein,42
tensorBF,9
WeightedROC,2
carData,56
loon,235
metaplot,17
nanotime,2
nonmemica,176
clustermq,24
fDMA,16
LearnGeom,39
shadow,11
antaresProcessing,14
BETS,31
ecm,5
scalpel,31
textreadr,12
ggridges,13
boxcoxmix,7
seplyr,10
frequencyConnectedness,43
grf,15
parallelDist,1
revengc,6
smapr,5
geex,46
geojsonR,5
jtools,11
sparsepp,1
uGMAR,29
HEMDAG,45
RInno,20
datasauRus,10
gravity,9
phuse,19
rcoreoa,9
ROptSpace,1
BayLum,30
CIAAWconsensus,7
dataCompareR,65
replyr,22
hetGP,19
later,2
ReIns,109
gdns,7
mbir,14
aiRthermo,47
graphon,10
hIRT,8
reprex,3
usmap,12
BLPestimatoR,3
spData,5
LabourMarketAreas,30
mize,6
moveVis,5
sgmcmc,8
document,14
EnvCpt,4
HDtest,14
knor,3
nse,7
SimPhe,24
bigstep,10
bomrang,12
geosapi,19
getCRUCLdata,3
ggmosaic,13
grec,4
merDeriv,4
odpc,6
sjlabelled,27
fastnet,41
IncDTW,3
mixKernel,8
PhylogeneticEM,135
prettycode,4
scorecard,10
zoocat,33
BIGL,47
datasets.load,10
ghibli,2
naniar,68
penaltyLearning,33
rly,8
udpipe,6
redR,10
reportROC,2
fitur,5
ggdmc,52
healthcareai,35
fastR2,70
gamesGA,8
iMediate,4
sinew,5
taxonomizr,12
bayesImageS,11
intccr,11
lero.lero,1
OOBCurve,1
PeerPerformance,9
RiskPortfolios,6
covatest,9
fdANOVA,12
cytometree,18
SSLASSO,2
eDMA,9
MCMCvis,6
tidycensus,10
vpc,33
bgsmtr,2
mclustcomp,6
supc,7
startup,6
symDMatrix,11
TeXCheckR,30
tfruns,13
adiv,40
BGData,14
gsynth,9
keras,171
perccalc,2
quickmatch,7
rtrim,46
scclust,8
stepPenal,12
CINNA,28
manet,7
micemd,14
sarima,40
BayesNetBP,20
BioInstaller,10
collapsibleTree,3
Eagle,7
geometa,72
GMSE,5
lidR,48
lmridge,20
rstantools,9
rvinecopulib,11
SSBtools,12
TLMoments,19
quickblock,6
rsolr,20
lagged,10
RLT,4
shinyFeedback,5
censusapi,6
dwapi,49
hrbrthemes,12
IPEC,9
mockery,6
sweep,24
timetk,13
narray,20
AbSim,11
bigstatsr,45
DMMF,6
GPrank,23
haploR,3
optrdd,2
textutils,12
batchtools,51
castor,40
datastructures,14
mapedit,13
openEBGM,17
processx,4
BMisc,16
cholera,49
civis,357
distances,7
vetr,12
LMfilteR,1
powerlmm,39
ProliferativeIndex,7
snakecase,4
EL2Surv,4
kirby21.base,10
kirby21.fmri,2
kirby21.t1,2
sequoia,27
subprocess,6
genBaRcode,24
libstableR,5
MCMCprecision,9
jcolors,8
IDmining,7
PRISMAstatement,1
taxa,94
gridsample,4
nsROC,11
roadoi,3
tmaptools,32
coda.base,7
crochet,3
DSAIDE,15
gasfluxes,10
MatrixLDA,4
reticulate,25
rPraat,65
simmer.plot,2
ggformula,47
icesTAF,21
pre,9
TOSTER,15
bayesplot,23
LncFinder,10
colourvision,18
hyper2,19
flifo,9
gcKrig,36
geomerge,14
janitor,15
statip,11
dotCall64,2
reghelper,54
sylly,13
makedummies,1
woeBinning,6
CBCgrps,3
CSeqpat,1
aws.ec2metadata,1
errors,3
GPoM,32
projmanr,5
regplot,1
dbplyr,28
netCoin,29
oddsratio,2
shinyjqui,6
simglm,39
textTinyR,20
anMC,10
safer,9
mapsapi,7
nmaINLA,21
officer,48
textclean,20
WordR,4
ggiraphExtra,33
MSbox,7
survutils,10
BAMBI,34
ggpval,1
wdman,6
BALCONY,40
ggstance,13
lumberjack,8
Seurat,158
spind,25
spm,30
vagalumeR,6
blastula,9
ncar,13
NonCompart,12
rwalkr,2
binman,13
CNLTreg,7
CNLTtsa,10
future.batchtools,13
qqplotr,7
rmpw,2
SmoothWin,4
CATkit,3
CodeDepends,24
dgo,14
easyDes,1
glue,4
pinp,1
rmda,10
RTransProb,19
scatterpie,3
BayesianTools,84
beyondWhittle,51
DendroSync,16
GCalignR,17
keyring,12
ordinalForest,6
spacyr,10
WRTDStidal,47
benchr,8
GreedyExperimentalDesign,28
MODIStsp,16
Rlinsolve,10
SpaDES.tools,34
FRK,36
htree,8
incadata,9
Rlda,8
gemlog,5
MAGNAMWAR,21
qGaussian,5
spass,18
desctable,32
polyPK,18
bayesDP,7
cetcolor,3
crul,4
MetaSubtract,3
pdfsearch,4
qicharts2,9
rhoR,16
spelling,4
phylopath,9
ggforce,19
ggraph,60
AcousticNDLCodeR,10
CytobankAPI,21
docxtools,4
ggfittext,3
bmixture,15
permDep,2
satscanMapper,12
GADMTools,21
kernelboot,7
visdat,13
DatabionicSwarm,22
GeneralizedUmatrix,8
ggedit,45
glmmTMB,27
processmapR,6
spup,39
disco,9
drtmle,30
neatmaps,12
simule,2
bupaR,25
GenomicMating,3
ImputeRobust,7
biolink,4
crplyr,1
expint,3
learnr,7
mfe,15
multicmp,2
pool,15
SCORPIUS,25
support.BWS2,4
taxlist,25
vegtable,28
cld3,1
dynOmics,5
prioritizr,12
raptr,73
ropercenter,1
SimMultiCorrData,56
colordistance,26
CytobankAPIstats,15
dng,5
GBJ,21
ClusterBootstrap,6
fetchR,8
jpmesh,13
padr,8
treeDA,19
unpivotr,9
catcont,1
cellWise,6
multinet,18
phylogram,13
coreCT,7
mosaicCore,10
patternplot,2
RIA,11
splot,1
hexSticker,8
KnowBR,4
subscreen,3
BUCSS,8
fastDummies,2
googleLanguageR,8
LEGIT,9
mlrMBO,33
tidyxl,1
momentuHMM,64
womblR,15
chinese.misc,18
cstab,7
ggimage,1
prodest,25
rdiversity,50
spam64,1
uptasticsearch,6
ahnr,4
asciiSetupReader,2
bayeslm,2
CircularDDM,6
MetaComp,21
fuser,5
walrus,5
AdhereR,19
bsamGP,27
loder,2
MultisiteMediation,3
prophet,31
jpndistrict,15
lingtypology,15
tuckerR.mmgg,6
ROpenDota,16
beginr,21
diceR,24
jwutil,67
leaflet.minicharts,3
manipulateWidget,16
ompr,18
ompr.roi,2
rclimateca,6
StatCharrms,38
teachingApps,16
odbc,9
bivrp,6
briskaR,34
ConR,9
fst,2
LAM,5
mixR,25
RegularizedSCA,13
textshape,24
tigreBrowserWriter,7
wikilake,7
SPAtest,2
alterryx,27
networktools,13
powerCompRisk,1
Tcomp,4
pkr,24
qrcmNP,12
rwc,9
tangram,104
excerptr,8
LocalControl,23
shinymaterial,9
hmi,38
PSTR,8
sitreeE,7
welchADF,6
metaforest,11
redux,13
graphkernels,16
purrrlyr,5
ramcmc,3
RatingScaleReduction,8
RchivalTag,17
rdwd,15
StructFDR,10
DClusterm,16
joineRML,40
qgam,16
RHMS,31
MetaLonDA,12
aws.s3,31
clampSeg,7
DisHet,2
edgarWebR,11
PeakSegOptimal,9
BiDAG,16
DPP,4
lvec,16
neurohcp,12
bssm,34
frailtyEM,11
ukbtools,25
unsystation,7
ALA4R,24
genotypeR,21
ICtest,18
margins,8
microPop,59
philentropy,13
prediction,3
quadprogXT,3
regnet,7
templates,2
ziphsmm,12
AIG,2
easycsv,3
kableExtra,10
tabularaster,10
MAVE,2
HURDAT,8
kutils,45
StepSignalMargiLike,17
CrossValidate,5
GAparsimony,14
ggjoy,6
Modeler,19
randgeo,6
rdist,1
rsurface,4
SIBERG,6
simsurv,1
Umpire,16
ClassComparison,17
datadogr,5
diffusr,7
implyr,8
oompaBase,6
Polychrome,11
PreProcess,10
TailRank,8
tukeytrend,6
ChoR,11
datasus,6
rust,10
HTSSIP,47
missRanger,4
PBNPA,1
vortexR,35
base64url,1
ffstream,80
MTA,10
rbi,31
treespace,21
mltools,20
ASIP,15
cld2,1
dartR,60
Knoema,1
MEclustnet,23
openSTARS,24
Select,2
shiny.semantic,8
blandr,14
MVisAGe,13
readtext,7
ROI.plugin.alabama,2
writexl,2
BIEN,52
tidyquant,6
coga,2
DescriptiveStats.OBeu,15
gdpc,9
LeArEst,5
preference,16
CondIndTests,13
dlib,2
gWQS,2
lmvar,16
nardl,5
sensors4plumes,46
imagine,4
optional,6
FactoInvestigate,22
pbdRPC,10
rpms,14
DAC,2
olsrr,59
ProjectionBasedClustering,21
SurvDisc,10
glm.predict,7
jsonld,1
weco,8
AR,2
mrbsizeR,23
PLMIX,23
PLmixed,18
pointblank,40
RAC,76
brt,7
estprod,6
IMIFA,13
Jdmbs,4
nprobust,6
sbart,1
BBMV,17
convexjlr,36
predtoolsTS,31
sqlscore,5
mathpix,5
mrgsolve,104
vdiffr,8
FHDI,4
SpatialFloor,12
edpclient,17
enviGCMS,24
lavaanPlot,4
MiRKAT,8
MittagLeffleR,1
nowcasting,16
survivALL,9
worms,7
EpiCurve,1
MARX,15
VarReg,17
APML0,3
komadown,2
leaflet.esri,14
rpql,9
leaflet.extras,23
s2,2
interflex,9
utilsIPEA,4
wiqid,46
ClusVis,4
denseFLMM,1
mschart,17
esmprep,49
HiCblock,7
HiCglmi,9
stampr,15
bioOED,17
genderBR,3
uncmbb,2
brglm2,12
classiFunc,11
corehunter,14
meltt,19
sglg,20
foghorn,5
yesno,1
fpp2,34
gldrm,12
MultiVarSel,6
survtmle,27
tsensembler,72
bioimagetools,21
di,1
snpReady,5
nmw,7
swmmr,3
AnnotationBustR,7
esvis,22
SentimentAnalysis,45
spc4sts,16
textstem,8
ggconf,13
liureg,15
ReinforcementLearning,12
tint,1
alfred,2
eply,9
RWildbook,11
bsplus,17
kernplus,2
bigKRLS,6
data.world,14
factorMerger,20
fbar,14
ForestTools,8
APfun,2
epidata,16
toxplot,15
UncertainInterval,9
sparseFLMM,6
cvequality,5
errorlocate,18
mstR,17
normalr,3
bindrcpp,3
geofacet,19
phantom,9
SeqKat,11
encode,12
productivity,4
SubTite,4
bairt,32
dfped,34
ssc,19
quotedargs,1
blob,1
interp,28
orthoDr,10
windfarmGA,31
DMRnet,18
sfdct,5
DPWeibull,22
GPGame,9
SetTest,18
AdapSamp,4
horserule,8
incR,11
RNRCS,4
descriptr,24
eventdataR,7
rarhsmm,10
gamRR,1
metScanR,5
RNAsmc,21
g2f,4
QuantTools,58
Rgb,37
datetime,4
splithalf,5
survidm,17
wpp2017,9
EthSEQ,2
metaviz,4
MonteCarlo,6
rdlocrand,5
adaptiveGPCA,25
gfmR,5
patentsview,8
assignPOP,11
bindr,2
pacotest,5
xtractomatic,17
aniDom,9
gfer,6
widyr,7
datetimeutils,10
Rcriticor,6
rmonad,23
sim1000G,24
cronR,9
EpiILM,8
wgeesel,15
lime,12
anomalyDetection,14
ACMEeqtl,5
KraljicMatrix,9
origami,10
robets,8
slickR,3
adeba,9
hansard,25
RcmdrPlugin.aRnova,8
tmcn,25
OpenML,51
rpostgisLT,18
ashr,76
DoE.MIParray,5
fauxpas,4
GetITRData,10
ldhmm,21
idmTPreg,7
projector,9
worldmet,6
zenplots,14
fuzzywuzzyR,7
photobiologyLamps,8
rospca,9
nzpullover,5
Rcssplot,35
rpgm,5
stoRy,9
bea.R,9
CPBayes,8
multfisher,3
BEACH,2
lassopv,2
suncalc,5
VeryLargeIntegers,25
CircMLE,13
sNPLS,14
confSAM,1
ratios,8
ggmuller,18
PakPC2017,9
Brundle,25
clust.bin.pair,6
ratesci,7
EMMIXcskew,7
inferr,19
mopa,32
Rilostat,7
revdbayes,10
swCRTdesign,7
tatoo,36
fivethirtyeight,65
tidygraph,29
npcopTest,2
vote,7
adepro,1
OutliersO3,4
PTXQC,107
valuer,29
MBC,9
multiApply,1
quantoptr,15
survivalsvm,121
aVirtualTwins,17
gk,12
pcev,8
ICSOutlier,11
pipeGS,3
SpaDES.addins,3
cifti,18
gifti,14
modmarg,3
opticut,13
denoiSeq,14
nlsr,16
OOR,4
BeSS,8
ggQC,42
RBMRB,13
robustBLME,5
spatstat.local,22
tibbletime,13
atsd,8
ludic,11
phylotate,6
tRophicPosition,32
waver,3
clustRcompaR,8
libsoc,60
zeallot,5
ANOVAreplication,7
bigtcr,8
kokudosuuchi,6
languagelayeR,3
censusr,3
diagis,11
finch,6
gradDescent,20
heims,12
datapasta,9
highlightHTML,5
TCIApathfinder,15
BibPlots,3
Xplortext,18
gLRTH,3
OmicsPLS,26
pals,23
CreditRisk,12
LinkageMapView,2
nofrills,3
rMR,13
tropAlgebra,14
dat,10
equSA,18
abjutils,7
lbreg,10
PSW,7
RNAseqNet,13
rrpack,22
canprot,18
dtree,3
SMMA,4
mau,14
optimus,6
ROI.plugin.lpsolve,4
splashr,49
easySdcTable,4
COMBAT,2
cordillera,12
photobiologyLEDs,16
Emcdf,5
preText,19
PRIMME,2
rSQM,7
tsdf,9
brant,1
IATScore,4
influxdbr,12
MultiRNG,14
RandPro,3
rFSA,20
UnivRNG,18
elevatr,17
Rbgs,12
RGBM,25
univOutl,5
constants,4
csv,3
dynsbm,8
sgee,13
grove,8
fmbasics,23
MatManlyMix,4
fastrtext,17
fmdates,25
ipft,13
SparseDC,10
tidystringdist,3
Biolinv,22
miRNAss,2
naivebayes,4
sofa,34
bhm,5
rxylib,2
widgetframe,6
msde,13
mudfold,9
AmesHousing,3
PKPDmisc,63
stringformattr,2
SyncRNG,1
zonator,77
cleanEHR,65
gofastr,11
BisRNA,13
clustEff,6
GMAC,3
elo,6
libcoin,3
corpus,4
inum,3
refset,6
parsemsf,7
Inventorymodel,21
plotrr,10
mazeGen,78
mdw,5
networkGen,8
striprtf,1
xesreadR,4
EAinference,10
harrietr,7
NestedCategBayesImpute,24
adapr,114
goftte,8
passport,6
SASmarkdown,5
MUS,5
Dforest,13
phase1RMD,10
simEd,24
cctools,6
unitizer,54
CorporaCoCo,5
IDCard,1
MHTdiscrete,11
powdist,11
futility,4
KMgene,32
LCF,10
ManifoldOptim,9
epicontacts,18
ICRanks,2
RcppHMM,13
RcppTN,5
AWR.Athena,3
wicket,7
easyAHP,1
xslt,1
gamreg,1
revgeo,1
spiderbar,6
sppmix,66
modest,1
ICCbin,2
dparser,12
StakeholderAnalysis,12
qboxplot,2
rsample,14
ThankYouStars,2
BatchMap,50
anocva,10
PdPDB,1
rGoodData,8
rLDCP,20
rODE,32
geojson,22
epxToR,2
Diderot,21
RcppQuantuccia,12
ArCo,7
lplyr,5
Pstat,8
RJSplot,29
slowraker,5
infraFDTD.assist,4
MBHdesign,3
phylocanvas,11
rsurfer,58
coppeCosenzaR,38
vfcp,10
countyfloods,18
FinAna,10
kaphom,5
meanr,3
routr,5
GerminaR,23
WWR,4
cbar,15
MOEADr,49
MoLE,54
nspmix,15
optimization,4
EfficientMaxEigenpair,7
MHCtools,15
WaveLetLongMemory,1
zFactor,26
debugme,3
docuSignr,7
groupdata2,6
oii,8
ROI.plugin.msbinlp,2
ROI.plugin.optimx,1
liteq,21
EasyMx,18
htm2txt,3
mafs,6
monoreg,4
LZeroSpikeInference,10
geomedb,4
sicegar,15
vennplot,3
GSMX,4
rucrdtw,12
curstatCI,6
icmm,20
iDINGO,14
HybridFS,5
brea,1
colf,10
RcppBlaze,3
Replicate,4
BMhyb,33
D3partitionR,2
editData,8
BaTFLED3D,39
BrownDog,6
DWLasso,6
DataEntry,2
proustr,17
confinterpret,10
additiveDEA,4
TSCS,13
msaR,4
basictabler,35
msu,13
SimTimeVar,19
statsDK,6
apercu,7
CHMM,16
MFKnockoffs,30
ArchaeoPhases,31
breakfast,6
glacierSMBM,53
isnullptr,1
pder,39
pifpaf,39
ecoseries,4
EventStudy,20
importar,2
kfda,2
LFDREmpiricalBayes,5
tinyProject,13
BNPMIXcluster,8
coinmarketcapr,3
d3plus,10
econullnetr,17
prioritylasso,3
parlitools,7
leabRa,5
mosaicModel,36
MRFA,6
OBMbpkg,1
RcmdrPlugin.sutteForecastR,1
regexSelect,2
USCF,1
brazilmaps,7
magicLamp,4
QLearning,3
rstansim,23
softermax,10
cptec,12
ensemblepp,2
FDRSeg,9
ROI.plugin.clp,0
binaryGP,4
BMT,19
curvecomp,2
envDocument,12
EQUIVNONINF,42
fusionclust,4
gma,6
IGP,11
kpeaks,7
SiER,3
sure,8
BNSL,8
leafSTAR,15
mcMST,21
tsgui,4
cytominer,12
randnet,15
rbtt,1
SampleSize4ClinicalTrials,1
DES,1
googleComputeEngineR,95
MsdeParEst,10
wildcard,3
AurieLSHGaussian,1
CATTexact,2
gradientPickerD3,3
linemap,7
MFT,4
veccompare,10
CausalImpact,3
causalMGM,9
glassdoor,9
ADPF,2
auto.pca,1
DCD,5
medmod,4
PredPsych,9
unifDAG,1
GauPro,2
nos,8
opendotaR,4
sutteForecastR,1
yuimaGUI,1
MTSYS,27
CARS,3
fecR,9
GeoMongo,3
RTaxometrics,42
distrr,12
repurrrsive,11
SMM,13
AWR,1
Bios2cor,35
cprr,6
mapReasy,7
modelwordcloud,1
multilaterals,17
PakPMICS2014Ch,1
PakPMICS2014HH,1
PakPMICS2014HL,1
PakPMICS2014Wm,1
unjoin,1
csabounds,28
FactorsR,4
madrat,33
Ohit,3
TNC,4
UdderQuarterInfectionData,3
FuzzyNumbers.Ext.2,8
graphql,1
RcextTools,6
VDSPCalibration,6
billboard,4
BosonSampling,4
cbanalysis,1
dplyrAssist,7
freqdom.fda,19
re2r,24
RGeode,5
threshr,10
alphavantager,3
doubcens,2
pcdpca,3
ShinyImage,4
AlphaVantageClient,4
BinarybalancedCut,1
afpt,17
cr17,14
DelayedEffect.Design,6
EcoIndR,3
Inflation,8
jaod,5
rDotNet,8
ari,4
cdparcoord,9
npphen,6
wktmo,2
cenGAM,4
deltar,8
seedCCA,9
ebmc,8
FPV,2
LowWAFOMSobol,4
mcompanion,44
MTE,9
nomogramEx,1
PeriodicTable,4
sensitivitymult,11
caffsim,7
ccmm,6
dmutate,4
PSIMEX,22
SpatialEpiApp,2
LowWAFOMNX,4
prcr,4
accSDA,22
Ecohydmod,6
mExplorer,6
multdyn,23
noncomplyR,5
Strategy,29
ActiveDriver,7
genepop,16
kntnr,6
macc,7
ConfigParser,2
esreg,18
R2DGC,5
simpleCache,16
SLICER,13
STARTdesign,2
Wrapped,2
InfoTrad,5
ircor,2
GRCdata,3
happybiRthday,1
ccRemover,9
sasMap,14
CompDist,5
forwards,2
gamCopula,32
AssayCorrector,7
atlantistools,76
IceCast,41
ggquiver,4
GrpString,16
LBSPR,21
PeakSegDP,21
samon,23
SorptionAnalysis,8
CIplot,3
ConfoundedMeta,4
fastJT,5
lmmen,7
tsiR,21
rdpla,7
dataMeta,8
IAbin,2
rasterList,9
rcv,22
valaddin,9
vanddraabe,96
vocaldia,25
GEint,8
IPMRF,6
poker,33
PsyControl,8
kangar00,28
OHPL,12
blink,7
default,1
multiCA,6
permGS,19
statesRcontiguous,4
restfulr,6
ggversa,24
italy,2
equaltestMI,9
GFA,10
metaBMA,18
RcppXPtrUtils,2
soilcarbon,14
SpatialAcc,4
banR,10
cranlike,6
echogram,15
EMAtools,2
ggsignif,1
lmmpar,1
multistate,16
rddensity,22
svenssonm,5
ambhasGW,5
GreedyEPL,3
IrishDirectorates,1
MixtureRegLTIC,9
rtimicropem,14
subgroup.discovery,23
tbl2xts,3
ThermIndex,8
dejaVu,31
DoEstRare,1
fasjem,2
glmnetUtils,5
kpmt,6
structree,5
nonlinearICP,4
fChange,16
rclipboard,2
RkMetrics,7
CDVineCopulaConditional,6
mmtsne,5
lsplsGlm,12
mosaicCalc,8
optiSolve,18
iRF,25
maxTPR,1
unrepx,10
bayeslongitudinal,7
concaveman,2
ggseqlogo,9
MRTSampleSize,4
PowerNormal,7
seqICP,7
sidrar,3
GGEBiplots,12
pcensmix,10
c2c,9
geoGAM,6
dsmodels,42
prisonbrief,6
vcov,3
spNNGP,4
DCA,5
BayesianGLasso,1
FastSF,13
harmonicmeanp,5
ivregEX,16
liquidSVM,32
OBRE,34
scifigure,5
diffpriv,23
social,6
brlrmr,9
Census2016,3
cnbdistr,6
ercv,19
flexsurvcure,3
fragilityindex,1
LCox,3
sergeant,33
gh,5
llogistic,1
senstrat,9
centiserve,34
docker,1
DrImpute,4
randomForestExplainer,11
spongecake,5
tetraclasse,6
TSF,3
credsubs,6
geotoolsR,9
interfr,6
noaastormevents,11
facebook.S4,48
interim,8
integIRTy,11
NameNeedle,3
roots,15
AutoDeskR,16
dGAselID,1
FUNLDA,6
netcom,3
oompaData,4
PoloniexR,39
SFS,2
decomposedPSF,7
fcm,2
lpdensity,18
mthapower,2
postlightmercury,1
fcuk,8
ggplotgui,2
l1kdeconv,4
mixlink,14
waccR,3
BNPMediation,4
SobolSequence,4
textile,1
Autoplotprotein,10
correlbinom,1
ggChernoff,4
mandelbrot,4
Robocoap,2
assocInd,24
awspack,1
catSurv,35
coxphSGD,2
midas,3
numGen,14
SuperGauss,14
aws.cloudtrail,7
aws.sns,9
aws.sqs,11
cepR,6
SSM,36
wql,41
aurelius,88
ecolottery,7
mnis,12
autoBagging,43
aws.lambda,7
geoSpectral,72
hurdlr,15
kgschart,5
quickregression,1
rsoi,2
aws.iam,12
fence,16
hbdct,1
MicroMacroMultilevel,3
SkyWatchr,3
BiBitR,7
hhh4contacts,20
scpm,14
StratifiedRF,5
BradleyTerryScalable,14
gsloid,3
kazaam,24
My.stepwise,3
pinnacle.data,2
assertable,6
ExpRep,9
ForecastFramework,21
goldi,11
ppcc,3
SFtools,5
sparsio,1
FSTpackage,5
gmediation,2
NCSampling,14
Opportunistic,2
otrimle,6
BayesTwin,8
CRANsearcher,2
intRvals,18
plater,6
pltesim,5
rattle.data,4
twfy,26
net.security,4
tidygenomics,6
DZEXPM,3
MultiSkew,7
BCgee,3
corset,1
JumpTest,10
m2r,17
mljar,20
nlsrk,16
SCAT,2
MOQA,34
rMouse,11
rrcov3way,17
swapClass,3
ftDK,4
anchoredDistr,11
mssqlR,8
POMaSPU,2
rematch2,5
RLeafAngle,32
taxizedb,7
ukbabynames,2
clinPK,64
namedCapture,4
PeakError,5
sfadv,3
forecastSNSTS,5
processmonitR,5
ECFsup,8
secret,21
CityWaterBalance,14
phenopix,61
baseballDBR,41
dataverse,25
GeoRange,31
mccr,1
pleiades,6
zooaRchGUI,17
nscprepr,1
ZIBseq,4
d3Tree,5
argon2,5
patternator,3
SanFranBeachWater,13
standardize,12
featurizer,4
orderstats,7
colorpatch,37
soptdmaeA,6
frequencies,2
getmstatistic,3
mixEMM,2
Risk,27
xsp,4
gqlr,7
iNOTE,8
BAYESDEF,1
bdlp,29
covfefe,3
gamlssbssn,1
gghalfnorm,1
HDCI,12
iadf,17
piton,2
pwrAB,2
rpst,7
themetagenomics,20
zstdr,3
capn,25
imaginator,16
ck37r,20
eesim,26
glmertree,2
KRMM,5
NB.MClust,3
hypersampleplan,7
logOfGamma,2
webglobe,15
kerasR,53
QPBoot,17
baitmet,8
difconet,5
ElastH,15
ids,5
ImaginR,6
logistic4p,9
pencopulaCond,22
mdpeer,9
DDM,43
dfCompare,1
phrasemachine,5
here,1
SmartSVA,1
didrooRFM,1
polypoly,5
SeerMapper,16
stratvns,1
CharFun,32
stratbr,1
tictactoe,10
apng,7
rdoxygen,6
timelineR,2
TriadSim,8
lans2r,12
wally,3
RHPCBenchmark,68
RNAstructureModuleMiner,12
ROI.models.miplib,2
rpatrec,13
xLLiM,9
Rd2md,9
sotu,4
NPMOD,1
AHMbook,39
CATT,1
checkarg,438
kdevine,10
numKM,1
poisbinom,1
printr,1
GUIgems,18
easyNCDF,7
zeligverse,2
ExcessMass,6
PROscorer,4
rif,23
PairwiseD,4
PROscorerTools,11
slim,15
gomms,5
GEEmediate,1
learnrbook,11
mbgraphic,27
diffMeshGP,1
EpistemicGameTheory,2
fastTextR,8
iGSEA,1
jocre,8
lifelogr,36
shinycssloaders,2
sinib,2
usedist,8
iECAT,7
lhmixr,8
pawls,1
WebGestaltR,12
lindia,10
lsasim,15
outbreaks,7
qrsvm,5
AcuityView,2
plotprotein,9
IndianTaxCalc,1
RPEXE.RPEXT,30
PROreg,27
pwr2,6
cowbell,13
crunchy,2
ContourFunctions,7
DataGraph,11
idar,12
seasonalview,4
kmcudaR,2
m2b,16
qrmix,7
discord,7
dsrTest,6
KSEAapp,10
mut,3
ncdump,2
onehot,2
angstroms,11
EML,20
MHTmult,10
MetaboList,1
pafdR,5
SPADAR,6
ChocoLattes,24
dataseries,1
mockr,2
casebase,8
gsrsb,19
WikidataQueryServiceR,3
aSPC,6
mstherm,15
bulletr,27
coxphMIC,5
md.log,1
censCov,1
RandMeta,1
zip,2
ajv,11
BarBorGradient,4
ider,10
nonpar,5
ring,4
selectapref,3
startR,12
chemmodlab,6
CrossScreening,12
KENDL,4
RpeakChrom,9
SADISA,6
simMP,2
statGraph,11
unix,4
PortfolioOptim,2
PCADSC,7
yarrr,16
icosa,49
TSGSIS,1
uqr,4
WLreg,3
mro,2
complexity,1
bayesCL,4
SeerMapper2010East,2
SeerMapper2010West,2
StatPerMeCo,11
thankr,2
fpest,1
nopaco,7
R2ucare,30
SeerMapper2010Regs,2
spec,24
Tnseq,3
tubern,15
wrangle,25
marcher,18
optrcdmaeAT,7
SeerMapperEast,2
SeerMapperWest,2
fastqcr,8
GADAG,7
GLIDE,6
D3GB,16
lspline,1
SeerMapperRegs,2
mRchmadness,29
skeletor,2
duckduckr,2
IMTest,5
MedDietCalc,17
micEconIndex,2
secure,14
sylcount,4
classifierplots,16
CoFRA,6
eshrink,7
zfa,2
HYRISK,12
TSMN,3
afmToolkit,22
groupsubsetselection,1
nlshelper,6
vesselr,4
xbreed,5
xyz,3
enrichR,3
medicare,14
grapes,3
InterfaceqPCR,2
SARP.moodle,14
tensorr,57
aptg,2
focusedMDS,1
kscons,10
optim.functions,4
BLModel,5
fam2r,8
metavcov,20
moezipfR,14
patternize,23
tilegramsR,12
tsqn,10
itan,11
shinyHeatmaply,3
NetworkRiskMeasures,7
slimrec,8
TeachBayes,27
vortexRdata,14
docstring,1
IPWsurvival,4
PCFAM,13
affluenceIndex,10
summariser,4
tsxtreme,11
CVR,8
pathmapping,26
xlsimple,4
FMC,4
gpg,6
orgutils,3
rnaturalearth,16
rolr,6
stmgp,3
EstimateGroupNetwork,2
Rvoterdistance,14
shinyShortcut,1
OSCV,17
BASS,5
BCSub,12
CNull,17
FlexDir,19
RankingProject,5
rolypoly,29
gee4,16
gatepoints,3
outreg,4
collpcm,10
radmixture,10
cmpprocess,6
iNextPD,12
rdataretriever,11
HoRM,34
SigOptR,13
CONS,1
iSDM,4
SymTS,13
VertexSort,5
badger,10
BCellMA,12
NHLData,98
readOffice,2
cpr,32
otinference,6
remindR,2
edarf,7
funchir,5
gt4ireval,5
MLID,20
twilio,4
VarED,3
CPsurv,9
SubgrpID,73
CensSpatial,11
cghRA,41
Dpit,4
cropdatape,1
fitplc,5
gaiah,27
WPKDE,3
DiffNet,11
rcc,2
dirmcmc,6
extdplyr,6
fontHind,3
fontMPlus,11
gbts,5
leafletCN,8
misreport,12
automagic,7
AWR.Kinesis,6
betacal,2
ccafs,8
europop,2
som.nn,30
TAR,10
EnviroPRA,26
InvasionCorrection,1
naptime,1
neighbr,4
prefeR,11
robustarima,16
BayesSpec,3
BCC1997,1
bsearchtools,11
DecorateR,2
lclGWAS,4
mle.tools,4
rnaturalearthdata,7
stdvectors,2
AWR.KMS,4
BayesFM,6
colorr,5
fileplyr,3
gMOIP,8
GSparO,2
upmfit,4
educineq,15
keyringr,2
marinespeed,16
opusminer,3
rope,8
spdownscale,6
ubeR,21
condir,8
velociraptr,15
warpMix,8
dgodata,6
eefAnalytics,11
paperplanes,1
rapiclient,15
HRQoL,27
maxnet,5
optbdmaeAT,7
BayesCombo,7
FuzzyStatTra,33
OCA,9
GPB,2
cbird,2
mdftracks,4
QuantileGradeR,8
samplingDataCRT,7
SMLoutliers,3
mbrglm,3
flippant,7
superheat,3
moveWindSpeed,5
mpe,6
readHAC,5
SignifReg,1
EnsCat,12
ShinyTester,2
sonify,1
ssmsn,2
iBST,8
flood,14
inspectr,14
observer,6
poio,7
alphabetr,17
gbp,46
hurricaneexposure,22
tracer,1
LumReader,38
sparsestep,7
BayesPieceHazSelect,1
eclust,19
nparsurv,1
mutSignatures,17
NORMA,5
powerEQTL,10
rKIN,13
simpleSetup,2
chi2x3way,15
skm,20
ICV,10
intrval,4
kpcalg,12
mglR,39
SOFIA,2
tea,21
teda,8
rcure,7
testforDEP,12
bytescircle,1
caesar,2
cleanr,15
conditions,2
bayesianETAS,5
rCAT,14
cumstats,13
maxmatching,2
PoSI,2
InfiniumPurify,8
rwars,4
GeneClusterNet,6
SADEG,14
sparkwarc,2
EBrank,2
rld,10
zTree,4
esmisc,2
NetWeaver,17
QRank,5
BoolFilter,10
esaddle,7
rjsonapi,3
sysid,44
BivRegBLS,21
fabCI,11
ltxsparklines,2
Plasmidprofiler,22
semver,3
crisp,9
FixSeqMTP,14
requireR,1
dSVA,2
HeritSeq,15
minimalRSD,7
Partiallyoverlapping,2
pwt9,1
Redmonder,1
tsdecomp,13
TSeriesMMA,1
colr,3
FTRLProximal,8
natserv,6
awsjavasdk,6
censys,15
hds,8
bossMaps,21
attrCUSUM,10
acrt,4
bayesloglin,6
DStree,13
KTensorGraphs,1
restrictedMVN,5
rFTRLProximal,12
spark.sas7bdat,2
UStatBookABSC,7
DISTRIB,5
factorcpt,16
utf8latex,48
findviews,6
ggguitar,6
ROI.models.netlib,1
ztype,5
crosstalk,9
pgee.mixed,4
rocNIT,1
SpaTimeClus,14
aws.ses,7
SPPcomb,7
stmgui,3
pipeliner,16
DirectStandardisation,3
magicfor,7
MTDrh,3
MWRidge,1
PepSAVIms,14
FinancialMath,38
coprimary,7
BTYDplus,41
bpp,16
MODISSnow,1
poptrend,12
ampd,1
DNLC,5
errorizer,1
rtrends,6
CuCubes,7
GLMaSPU,6
magree,8
rrr,10
aws.polly,5
gofMC,19
Radviz,24
DCM,1
icesVocab,7
rccmisc,18
robustsae,4
AmmoniaConcentration,1
bannerCommenter,3
bridger2,18
easypackages,8
melviewr,2
MultiBD,5
optigrab,16
PANDA,9
rt3,12
tswge,154
phuassess,2
SISIR,8
rhnerm,3
ClimDown,8
vkR,68
deconvolveR,5
freqdist,1
gbs2ploidy,4
rxSeq,11
camsRad,5
eMLEloglin,3
effectFusion,8
listdtr,8
Przewodnik,9
testassay,6
tsdisagg2,1
GeomComb,19
notifyme,4
aslib,29
dynetNLAResistance,7
rIsing,3
rlo,10
survAWKMT2,2
quarrint,9
RDStreeboot,4
epistasis,14
SpaCCr,15
strat,5
mbclusterwise,8
ockc,2
Rdtq,2
pstest,2
relabeLoadings,1
ADCT,5
climbeR,10
DGCA,40
gwfa,5
NegBinBetaBinreg,14
tinsel,6
apdesign,4
colormap,4
WEE,18
PhyInformR,18
CSclone,6
flock,4
jointNmix,10
LEANR,11
Planesmuestra,17
ptest,32
qiitr,8
sparkline,5
XRSCC,23
medfate,30
cthreshER,4
exteriorMatch,2
RSIP,2
HARtools,5
horseshoe,9
msaFACE,6
pirate,5
rehh.data,3
wvtool,21
diffrprojectswidget,14
regtools,8
Rga4gh,41
starmie,25
varband,8
diffrprojects,41
varSel,4
ordcrm,3
packagedocs,13
MiRAnorm,5
rtext,31
stringb,57
rRAP,4
AdjBQR,6
gtheory,7
mhtboot,12
RDota2,18
rgeoapi,11
endogenous,2
spftir,15
triangulation,3
MIDN,3
spellcheckr,2
fizzbuzzR,1
countyweather,20
IRATER,10
gym,20
ABC.RAP,13
corlink,3
ggloop,27
MullerPlot,5
validatejsonr,4
PCSinR,4
cryst,7
TDPanalysis,11
GraphFactor,2
KnapsackSampling,5
fontLiberation,0
RSarules,1
types,3
dbfaker,1
ISR3,3
scan,28
convertr,6
MethodCompare,8
exp2flux,3
haploReconstruct,21
rgw,3
valorate,10
ptwikiwords,1
sharpeRratio,3
tsSelect,4
sAIC,1
ordDisp,3
EBASS,20
fixedTimeEvents,8
expandFunctions,20
sBIC,41
