pkg_name,first_release
gcite,2017-05-14
EdSurvey,2017-04-26
fdq,2016-11-12
RBesT,2017-07-12
recipes,2017-07-27
tensorflow,2017-03-22
BART,2017-04-07
cleanNLP,2016-11-11
lvnet,2016-10-01
pinbasic,2016-10-25
RcppMsgPack,2017-06-12
SpaDES.core,2017-08-30
valr,2016-11-21
ggeffects,2017-04-26
wTO,2017-05-29
ems,2017-04-26
GENEAclassify,2017-08-30
jmv,2017-02-13
reproducible,2017-08-05
canvasXpress,2017-03-08
divest,2016-12-11
FRegSigCom,2017-09-06
hommel,2017-05-17
pkggraph,2017-06-02
POUMM,2017-03-11
Rdimtools,2017-09-21
wrapr,2017-02-11
DescToolsAddIns,2017-04-19
giphyr,2017-03-22
GJRM,2017-07-14
LNIRT,2016-10-06
mnreadR,2017-07-27
palm,2017-01-30
personalized,2017-06-12
configr,2017-01-15
dimRed,2017-01-19
helixvis,2017-06-26
skpr,2017-08-18
sys,2017-01-17
fastLink,2017-07-09
fingertipsR,2017-06-18
FSelectorRcpp,2017-03-06
reqres,2017-08-12
STARTS,2017-05-12
AMCTestmakeR,2017-03-29
nandb,2017-05-29
Rcrawler,2017-06-15
reportReg,2017-05-19
aphid,2017-06-24
gastempt,2017-05-10
antiword,2017-04-22
arsenal,2016-12-30
dtangle,2017-05-30
httptest,2016-12-31
idefix,2017-06-27
MALDIrppa,2017-07-29
quickPlot,2017-08-04
survHE,2017-06-30
unrtf,2017-06-10
walker,2017-06-15
MADPop,2017-01-18
memapp,2017-06-06
breathteststan,2017-05-13
elasticsearchr,2016-11-24
exampletestr,2017-03-18
gggenes,2017-08-24
huxtable,2017-03-09
worrms,2017-01-14
mdmb,2017-01-26
webmockr,2017-05-20
WVPlots,2017-01-17
augSIMEX,2017-09-21
autothresholdr,2017-02-24
eulerr,2016-10-16
jmvcore,2017-01-05
semtree,2016-12-16
sessioninfo,2017-06-21
shinyWidgets,2017-03-23
spant,2017-04-26
KarsTS,2017-05-27
sigr,2017-01-16
egg,2017-09-12
numform,2017-07-29
owmr,2017-01-14
tidyRSS,2017-02-24
dexter,2017-02-08
redlistr,2017-07-07
tesseract,2016-11-04
VARtests,2017-08-07
hutils,2017-07-09
incidence,2016-11-03
automultinomial,2016-10-05
flextable,2017-03-28
gibble,2017-09-08
mvord,2017-09-07
RATest,2017-08-14
restriktor,2017-02-22
shallot,2017-05-12
spatstat.utils,2017-02-16
AMModels,2016-12-03
cpt,2017-03-02
filesstrings,2017-02-23
GDINA,2016-12-12
greta,2017-06-26
lemon,2017-05-22
vennLasso,2017-07-15
rsparkling,2017-01-24
strip,2017-01-13
atus,2017-07-19
ebimetagenomics,2016-10-16
spectrolab,2017-09-14
sugrrants,2017-07-28
uavRmp,2017-08-30
vistime,2017-01-29
ggspatial,2017-04-02
BayesS5,2017-01-17
commonsMath,2017-05-24
drake,2017-02-27
latexpdf,2017-09-27
link2GI,2017-01-22
electoral,2017-09-28
JuliaCall,2017-09-01
microdemic,2017-09-25
MODIS,2017-01-10
PhenotypeSimulator,2017-05-21
reactR,2016-11-05
rlang,2017-05-06
rlas,2016-12-23
sitree,2017-01-10
solvebio,2016-10-25
texPreview,2017-04-03
CrossVA,2016-11-10
d3r,2016-10-14
dodgr,2017-09-28
mmpf,2016-11-12
mvLSW,2016-12-23
NetworkInference,2017-03-26
rsMove,2017-07-15
rWind,2016-12-03
sf,2016-10-26
taskscheduleR,2017-03-03
trackdem,2017-04-24
blogdown,2017-08-22
DEploid,2016-11-25
isdparser,2016-11-03
websearchr,2017-09-15
xaringan,2016-12-13
bikedata,2017-05-31
dLagM,2017-08-08
dynamichazard,2016-12-28
FishResp,2017-05-09
meteoland,2016-10-03
osmdata,2017-05-18
bridgesampling,2017-03-24
cdata,2017-03-29
RApiDatetime,2017-03-23
lexicon,2017-01-08
ciTools,2017-08-07
poliscidata,2016-10-25
webTRISr,2017-08-25
wikitaxa,2017-04-03
xtensor,2017-09-11
antaresRead,2017-04-03
bsplinePsd,2017-07-18
charlatan,2017-06-16
evaluator,2017-02-26
hNMF,2017-03-15
PowerUpR,2016-11-01
PWEALL,2016-12-23
sdpt3r,2017-09-04
BimodalIndex,2017-07-14
breathtestcore,2017-05-11
clickR,2016-11-21
dataPreparation,2017-07-07
fergm,2017-08-14
GenAlgo,2017-07-13
pinyin,2017-06-19
pivottabler,2017-03-27
bcROCsurface,2016-11-17
bookdownplus,2017-06-22
grattan,2017-01-18
queuecomputer,2016-11-15
cosinor2,2017-08-21
crminer,2017-04-27
define,2017-09-30
dendroTools,2017-09-28
dslabs,2017-01-19
readJDX,2016-12-22
stormwindmodel,2017-01-09
analytics,2017-01-26
touch,2016-12-17
GSED,2016-10-21
hoardr,2017-04-21
psychmeta,2017-08-21
Rnightlights,2017-08-05
treemapify,2017-08-28
bamlss,2017-02-22
mMPA,2017-03-22
mrfDepth,2017-01-13
antaresViz,2017-04-20
BatchGetSymbols,2016-11-06
FLightR,2016-12-15
GetLattesData,2017-09-05
GROAN,2017-07-12
itunesr,2017-08-05
partialCI,2017-04-26
Rodam,2016-10-05
stacomiR,2017-06-26
tidyselect,2017-07-24
airGR,2017-01-24
emdi,2016-11-08
NetworkChange,2017-03-30
wooldridge,2017-07-11
EFAutilities,2016-12-03
mindr,2017-06-19
nucim,2016-10-15
billboarder,2017-08-29
c212,2017-01-07
easyreg,2016-10-13
psda,2017-09-05
sptemExp,2017-08-29
pollen,2016-10-02
ratelimitr,2016-12-20
rmapzen,2017-08-12
wallace,2017-01-24
bazar,2017-01-14
googledrive,2017-08-28
pdSpecEst,2017-01-16
spmoran,2017-03-12
CMatching,2017-09-19
comtradr,2017-04-05
PWFSLSmoke,2017-03-11
uiucthemes,2016-10-27
auk,2017-07-05
Delta,2017-06-06
partitionComparison,2017-08-25
rjmcmc,2017-03-20
soundgen,2017-09-04
spatstat.data,2017-09-14
TileManager,2017-01-16
ClassDiscovery,2017-07-12
dataMaid,2017-01-02
mdsOpt,2017-01-20
odr,2017-09-17
PeakSegJoint,2017-08-16
RcmdrPlugin.RiskDemo,2017-08-09
vein,2017-05-14
tensorBF,2016-12-29
WeightedROC,2017-06-20
carData,2017-08-28
loon,2017-07-26
metaplot,2017-04-17
nanotime,2016-12-16
nonmemica,2017-04-21
clustermq,2017-08-28
fDMA,2017-07-10
LearnGeom,2017-08-05
shadow,2016-12-07
antaresProcessing,2017-04-06
BETS,2016-12-20
ecm,2016-10-21
scalpel,2017-03-14
textreadr,2017-01-11
ggridges,2017-09-14
boxcoxmix,2017-07-29
seplyr,2017-07-15
frequencyConnectedness,2017-05-02
grf,2017-07-04
parallelDist,2017-06-06
revengc,2017-08-18
smapr,2016-10-05
geex,2017-09-04
geojsonR,2017-03-28
jtools,2017-02-27
sparsepp,2016-12-30
uGMAR,2017-08-28
HEMDAG,2017-08-11
RInno,2017-03-02
datasauRus,2017-05-09
gravity,2017-01-31
phuse,2017-09-26
rcoreoa,2017-06-20
ROptSpace,2017-09-05
BayLum,2017-09-01
CIAAWconsensus,2016-12-31
dataCompareR,2017-07-17
replyr,2016-12-09
hetGP,2017-09-28
later,2017-06-25
ReIns,2016-12-23
gdns,2016-10-01
mbir,2017-08-14
aiRthermo,2017-07-15
graphon,2017-09-04
hIRT,2017-07-23
reprex,2017-01-10
usmap,2017-01-29
BLPestimatoR,2017-03-16
spData,2017-07-23
LabourMarketAreas,2016-10-03
mize,2017-07-14
moveVis,2017-05-18
sgmcmc,2017-07-18
document,2017-05-08
EnvCpt,2016-10-13
HDtest,2016-12-30
knor,2017-08-14
nse,2017-01-24
SimPhe,2017-01-04
bigstep,2016-10-27
bomrang,2017-09-23
geosapi,2017-02-22
getCRUCLdata,2017-01-05
ggmosaic,2016-12-30
grec,2017-07-09
merDeriv,2017-02-18
odpc,2017-08-18
sjlabelled,2017-06-12
fastnet,2016-12-30
IncDTW,2017-07-03
mixKernel,2017-05-18
PhylogeneticEM,2017-01-31
prettycode,2017-01-27
scorecard,2017-09-16
zoocat,2016-11-10
BIGL,2017-06-30
datasets.load,2016-12-14
ghibli,2017-08-14
naniar,2017-08-09
penaltyLearning,2017-06-08
rly,2016-11-27
udpipe,2017-09-01
redR,2017-06-14
reportROC,2017-04-17
fitur,2017-02-19
ggdmc,2016-10-28
healthcareai,2017-02-14
fastR2,2017-08-30
gamesGA,2017-06-13
iMediate,2017-03-18
sinew,2017-05-03
taxonomizr,2017-03-09
bayesImageS,2016-11-03
intccr,2017-08-30
lero.lero,2017-03-23
OOBCurve,2017-02-24
PeerPerformance,2017-01-29
RiskPortfolios,2017-02-05
covatest,2017-04-27
fdANOVA,2017-09-08
cytometree,2017-06-26
SSLASSO,2017-09-21
eDMA,2016-11-12
MCMCvis,2016-10-06
tidycensus,2017-06-20
vpc,2017-09-22
bgsmtr,2016-10-04
mclustcomp,2017-09-11
supc,2017-03-19
startup,2016-11-21
symDMatrix,2017-05-08
TeXCheckR,2017-04-09
tfruns,2017-07-23
adiv,2017-07-19
BGData,2017-05-11
gsynth,2017-03-12
keras,2017-07-30
perccalc,2017-09-14
quickmatch,2017-05-20
rtrim,2016-11-28
scclust,2017-03-28
stepPenal,2016-12-23
CINNA,2017-07-15
manet,2017-09-19
micemd,2017-05-13
sarima,2017-02-06
BayesNetBP,2017-05-09
BioInstaller,2017-03-16
collapsibleTree,2017-03-22
Eagle,2017-08-28
geometa,2017-05-25
GMSE,2017-06-30
lidR,2016-12-31
lmridge,2016-11-22
rstantools,2016-11-20
rvinecopulib,2017-08-30
SSBtools,2016-12-29
TLMoments,2017-01-17
quickblock,2017-07-31
rsolr,2017-04-10
lagged,2017-05-21
RLT,2017-04-09
shinyFeedback,2016-12-13
censusapi,2017-06-06
dwapi,2017-05-18
hrbrthemes,2017-02-26
IPEC,2017-05-10
mockery,2016-10-25
sweep,2017-07-04
timetk,2017-07-25
narray,2016-12-07
AbSim,2016-12-15
bigstatsr,2017-09-02
DMMF,2017-03-10
GPrank,2016-10-27
haploR,2016-12-31
optrdd,2017-08-24
textutils,2016-12-17
batchtools,2016-11-08
castor,2017-05-20
datastructures,2017-07-09
mapedit,2017-06-30
openEBGM,2017-05-05
processx,2017-05-30
BMisc,2017-06-14
cholera,2017-08-10
civis,2017-09-16
distances,2017-03-05
vetr,2017-07-07
LMfilteR,2017-09-24
powerlmm,2017-09-11
ProliferativeIndex,2017-02-16
snakecase,2017-05-18
EL2Surv,2017-06-28
kirby21.base,2017-02-28
kirby21.fmri,2017-03-02
kirby21.t1,2017-03-02
sequoia,2017-02-13
subprocess,2016-11-29
genBaRcode,2017-09-21
libstableR,2017-06-01
MCMCprecision,2017-04-03
jcolors,2017-07-07
IDmining,2016-11-25
PRISMAstatement,2016-10-12
taxa,2017-07-16
gridsample,2016-11-24
nsROC,2017-06-23
roadoi,2017-04-06
tmaptools,2017-01-03
coda.base,2017-07-18
crochet,2017-05-06
DSAIDE,2017-03-02
gasfluxes,2016-12-23
MatrixLDA,2016-10-29
reticulate,2017-03-14
rPraat,2017-07-16
simmer.plot,2016-12-28
ggformula,2017-06-22
icesTAF,2017-06-03
pre,2016-12-24
TOSTER,2016-12-08
bayesplot,2016-11-18
LncFinder,2017-02-06
colourvision,2016-11-10
hyper2,2017-06-28
flifo,2017-01-14
gcKrig,2016-11-10
geomerge,2017-08-29
janitor,2016-10-03
statip,2017-01-29
dotCall64,2016-10-07
reghelper,2017-04-08
sylly,2017-09-12
makedummies,2017-01-02
woeBinning,2017-02-21
CBCgrps,2017-07-30
CSeqpat,2017-03-20
aws.ec2metadata,2016-12-20
errors,2017-04-24
GPoM,2017-04-04
projmanr,2017-08-23
regplot,2017-09-27
dbplyr,2017-06-09
netCoin,2016-12-21
oddsratio,2016-10-12
shinyjqui,2017-03-04
simglm,2017-05-25
textTinyR,2017-01-07
anMC,2017-05-05
safer,2017-04-21
mapsapi,2017-09-27
nmaINLA,2017-06-20
officer,2017-03-01
textclean,2017-01-10
WordR,2017-08-29
ggiraphExtra,2016-12-03
MSbox,2017-08-28
survutils,2017-03-22
BAMBI,2017-01-01
ggpval,2017-06-13
wdman,2017-01-18
BALCONY,2017-08-03
ggstance,2016-11-16
lumberjack,2017-06-14
Seurat,2017-08-22
spind,2017-04-04
spm,2017-08-25
vagalumeR,2017-09-30
blastula,2017-08-21
ncar,2017-01-25
NonCompart,2016-11-27
rwalkr,2017-08-01
binman,2016-12-11
CNLTreg,2017-03-04
CNLTtsa,2017-03-08
future.batchtools,2017-06-03
qqplotr,2017-07-25
rmpw,2017-02-27
SmoothWin,2017-09-06
CATkit,2017-02-11
CodeDepends,2017-05-29
dgo,2017-05-23
easyDes,2017-01-03
glue,2017-04-18
pinp,2017-09-16
rmda,2017-08-01
RTransProb,2017-04-11
scatterpie,2016-12-02
BayesianTools,2017-02-06
beyondWhittle,2017-01-23
DendroSync,2017-05-22
GCalignR,2017-02-06
keyring,2017-09-09
ordinalForest,2017-04-13
spacyr,2017-05-20
WRTDStidal,2016-11-08
benchr,2016-11-20
GreedyExperimentalDesign,2016-12-08
MODIStsp,2017-04-15
Rlinsolve,2017-09-28
SpaDES.tools,2017-08-12
FRK,2017-03-07
htree,2017-04-26
incadata,2017-02-15
Rlda,2017-03-16
gemlog,2016-11-10
MAGNAMWAR,2017-04-26
qGaussian,2017-03-08
spass,2016-10-01
desctable,2017-05-15
polyPK,2017-07-04
bayesDP,2017-03-22
cetcolor,2017-08-05
crul,2016-11-09
MetaSubtract,2017-07-11
pdfsearch,2016-12-16
qicharts2,2017-08-28
rhoR,2016-10-18
spelling,2017-08-28
phylopath,2016-10-05
ggforce,2016-11-22
ggraph,2017-02-24
AcousticNDLCodeR,2017-03-17
CytobankAPI,2017-01-12
docxtools,2016-12-28
ggfittext,2017-08-21
bmixture,2017-01-09
permDep,2017-04-29
satscanMapper,2017-06-15
GADMTools,2017-03-11
kernelboot,2017-04-20
visdat,2017-07-11
DatabionicSwarm,2017-08-20
GeneralizedUmatrix,2017-05-18
ggedit,2017-03-31
glmmTMB,2017-02-20
processmapR,2017-06-19
spup,2017-04-13
disco,2017-03-03
drtmle,2017-08-17
neatmaps,2017-08-06
simule,2017-04-19
bupaR,2017-03-26
GenomicMating,2017-03-31
ImputeRobust,2017-02-23
biolink,2017-03-07
crplyr,2017-05-05
expint,2016-12-20
learnr,2017-05-08
mfe,2017-01-31
multicmp,2017-05-22
pool,2017-09-23
SCORPIUS,2017-09-15
support.BWS2,2017-01-18
taxlist,2017-06-15
vegtable,2017-08-08
cld3,2017-06-08
dynOmics,2016-11-10
prioritizr,2016-12-01
raptr,2016-10-28
ropercenter,2017-03-17
SimMultiCorrData,2017-06-30
colordistance,2017-06-03
CytobankAPIstats,2017-09-01
dng,2017-09-20
GBJ,2017-08-30
ClusterBootstrap,2017-06-12
fetchR,2017-03-16
jpmesh,2016-11-12
padr,2017-01-17
treeDA,2017-07-25
unpivotr,2017-01-31
catcont,2017-09-28
cellWise,2016-12-07
multinet,2017-01-17
phylogram,2017-06-12
coreCT,2017-08-14
mosaicCore,2017-07-24
patternplot,2016-12-20
RIA,2017-03-19
splot,2017-09-07
hexSticker,2017-03-30
KnowBR,2017-01-01
subscreen,2017-07-19
BUCSS,2016-12-13
fastDummies,2017-04-21
googleLanguageR,2017-09-22
LEGIT,2017-02-13
mlrMBO,2017-03-12
tidyxl,2017-01-29
momentuHMM,2017-06-16
womblR,2017-06-17
chinese.misc,2017-02-16
cstab,2016-12-01
ggimage,2017-02-21
prodest,2017-07-05
rdiversity,2017-06-27
spam64,2017-07-03
uptasticsearch,2017-07-18
ahnr,2017-07-08
asciiSetupReader,2017-09-07
bayeslm,2017-07-14
CircularDDM,2017-03-30
MetaComp,2017-03-02
fuser,2017-08-18
walrus,2017-05-26
AdhereR,2017-04-27
bsamGP,2017-08-05
loder,2017-05-05
MultisiteMediation,2017-02-26
prophet,2017-02-01
jpndistrict,2016-12-03
lingtypology,2016-12-29
tuckerR.mmgg,2017-02-23
ROpenDota,2017-05-04
beginr,2017-06-23
diceR,2017-06-22
jwutil,2016-10-18
leaflet.minicharts,2017-04-19
manipulateWidget,2017-01-05
ompr,2017-04-17
ompr.roi,2017-04-19
rclimateca,2016-12-07
StatCharrms,2017-05-08
teachingApps,2017-07-07
odbc,2017-02-05
bivrp,2016-12-16
briskaR,2016-10-11
ConR,2016-10-31
fst,2017-01-12
LAM,2017-05-11
mixR,2017-02-25
RegularizedSCA,2017-06-25
textshape,2016-12-31
tigreBrowserWriter,2016-10-26
wikilake,2017-01-07
SPAtest,2017-02-21
alterryx,2017-03-22
networktools,2017-04-14
powerCompRisk,2017-05-12
Tcomp,2016-10-17
pkr,2017-03-14
qrcmNP,2017-09-22
rwc,2017-09-07
tangram,2017-05-03
excerptr,2017-04-25
LocalControl,2017-05-16
shinymaterial,2017-04-15
hmi,2017-03-27
PSTR,2017-09-13
sitreeE,2017-07-14
welchADF,2017-04-23
metaforest,2017-09-09
redux,2017-05-15
graphkernels,2017-03-16
purrrlyr,2017-04-29
ramcmc,2016-11-30
RatingScaleReduction,2017-02-11
RchivalTag,2017-03-21
rdwd,2017-01-25
StructFDR,2016-11-01
DClusterm,2017-02-12
joineRML,2016-12-27
qgam,2017-08-29
RHMS,2017-04-21
MetaLonDA,2017-07-28
aws.s3,2017-04-29
clampSeg,2017-06-07
DisHet,2017-03-16
edgarWebR,2017-08-16
PeakSegOptimal,2017-06-21
BiDAG,2017-07-19
DPP,2017-09-27
lvec,2017-07-13
neurohcp,2017-05-14
bssm,2017-06-25
frailtyEM,2017-03-22
ukbtools,2017-06-30
unsystation,2016-10-17
ALA4R,2016-11-09
genotypeR,2017-08-23
ICtest,2016-12-19
margins,2017-03-22
microPop,2017-03-29
philentropy,2017-04-26
prediction,2016-10-30
quadprogXT,2017-05-30
regnet,2017-05-21
templates,2017-01-07
ziphsmm,2017-01-14
AIG,2016-12-19
easycsv,2017-08-08
kableExtra,2017-03-02
tabularaster,2017-08-05
MAVE,2017-01-29
HURDAT,2017-05-15
kutils,2016-12-23
StepSignalMargiLike,2017-08-23
CrossValidate,2017-07-28
GAparsimony,2017-08-04
ggjoy,2017-07-14
Modeler,2017-07-13
randgeo,2017-02-18
rdist,2017-03-05
rsurface,2017-09-26
SIBERG,2017-07-11
simsurv,2017-07-27
Umpire,2017-07-11
ClassComparison,2017-07-11
datadogr,2017-05-31
diffusr,2016-11-28
implyr,2017-03-24
oompaBase,2017-07-11
Polychrome,2017-03-17
PreProcess,2017-07-13
TailRank,2017-07-11
tukeytrend,2017-06-20
ChoR,2017-02-20
datasus,2017-06-12
rust,2016-10-10
HTSSIP,2016-11-01
missRanger,2017-08-25
PBNPA,2016-12-20
vortexR,2017-03-28
base64url,2016-10-04
ffstream,2016-11-13
MTA,2017-03-06
rbi,2016-10-18
treespace,2017-03-17
mltools,2016-11-27
ASIP,2017-07-20
cld2,2017-06-03
dartR,2017-06-23
Knoema,2017-08-22
MEclustnet,2016-10-13
openSTARS,2017-08-09
Select,2017-01-26
shiny.semantic,2017-05-29
blandr,2017-07-29
MVisAGe,2017-05-28
readtext,2017-05-22
ROI.plugin.alabama,2017-05-18
writexl,2017-08-30
BIEN,2017-01-12
tidyquant,2016-12-31
coga,2017-05-25
DescriptiveStats.OBeu,2017-09-17
gdpc,2016-11-10
LeArEst,2017-03-25
preference,2017-06-16
CondIndTests,2017-06-29
dlib,2017-02-20
gWQS,2016-10-21
lmvar,2017-02-17
nardl,2017-07-04
sensors4plumes,2017-04-03
imagine,2016-12-01
optional,2017-07-31
FactoInvestigate,2017-04-11
pbdRPC,2017-01-01
rpms,2016-10-21
DAC,2017-09-08
olsrr,2017-05-11
ProjectionBasedClustering,2017-07-23
SurvDisc,2016-10-05
glm.predict,2016-10-06
jsonld,2016-12-09
weco,2016-11-21
AR,2017-05-18
mrbsizeR,2017-04-03
PLMIX,2016-12-21
PLmixed,2017-07-18
pointblank,2017-08-22
RAC,2016-10-15
brt,2017-03-03
estprod,2017-07-24
IMIFA,2017-02-05
Jdmbs,2017-02-15
nprobust,2016-11-07
sbart,2017-03-23
BBMV,2017-05-02
convexjlr,2017-06-20
predtoolsTS,2017-09-19
sqlscore,2016-12-11
mathpix,2017-09-27
mrgsolve,2017-03-11
vdiffr,2016-11-08
FHDI,2017-05-18
SpatialFloor,2017-08-30
edpclient,2017-05-28
enviGCMS,2016-11-30
lavaanPlot,2017-06-10
MiRKAT,2017-07-25
MittagLeffleR,2017-06-15
nowcasting,2017-08-18
survivALL,2017-08-11
worms,2017-06-18
EpiCurve,2017-03-14
MARX,2017-06-16
VarReg,2017-03-21
APML0,2017-07-17
komadown,2017-08-21
leaflet.esri,2017-06-25
rpql,2016-10-07
leaflet.extras,2017-06-25
s2,2016-11-04
interflex,2017-02-27
utilsIPEA,2017-09-15
wiqid,2016-10-05
ClusVis,2017-07-13
denseFLMM,2017-03-17
mschart,2017-09-08
esmprep,2017-08-30
HiCblock,2017-06-08
HiCglmi,2016-10-17
stampr,2017-01-12
bioOED,2017-03-13
genderBR,2017-09-05
uncmbb,2017-05-18
brglm2,2017-04-04
classiFunc,2017-05-29
corehunter,2016-10-04
meltt,2017-05-18
sglg,2017-09-22
foghorn,2017-02-08
yesno,2017-02-15
fpp2,2017-02-23
gldrm,2017-06-28
MultiVarSel,2017-04-04
survtmle,2017-07-14
tsensembler,2017-08-28
bioimagetools,2016-10-14
di,2017-06-12
snpReady,2017-08-02
nmw,2017-03-14
swmmr,2017-07-13
AnnotationBustR,2017-03-02
esvis,2017-08-13
SentimentAnalysis,2017-06-02
spc4sts,2017-07-08
textstem,2017-02-27
ggconf,2017-08-29
liureg,2017-03-08
ReinforcementLearning,2017-04-18
tint,2016-10-07
alfred,2017-06-06
eply,2017-01-27
RWildbook,2016-12-01
bsplus,2017-01-26
kernplus,2017-06-08
bigKRLS,2017-04-15
data.world,2017-06-23
factorMerger,2017-06-25
fbar,2016-12-20
ForestTools,2017-01-21
APfun,2017-01-15
epidata,2017-01-08
toxplot,2017-09-20
UncertainInterval,2017-01-19
sparseFLMM,2017-01-14
cvequality,2016-12-27
errorlocate,2016-12-30
mstR,2017-03-30
normalr,2016-12-20
bindrcpp,2016-12-11
geofacet,2017-06-20
phantom,2017-04-13
SeqKat,2017-06-25
encode,2017-02-18
productivity,2016-11-14
SubTite,2017-07-11
bairt,2017-09-03
dfped,2017-08-01
ssc,2016-10-05
quotedargs,2017-06-27
blob,2016-12-29
interp,2017-06-16
orthoDr,2017-09-21
windfarmGA,2017-06-24
DMRnet,2017-09-05
sfdct,2017-05-02
DPWeibull,2017-06-13
GPGame,2017-06-10
SetTest,2017-02-11
AdapSamp,2017-09-08
horserule,2017-04-13
incR,2017-07-20
RNRCS,2017-04-06
descriptr,2016-12-28
eventdataR,2017-06-18
rarhsmm,2017-04-13
gamRR,2017-05-13
metScanR,2017-01-18
RNAsmc,2017-08-23
g2f,2016-10-08
QuantTools,2016-10-14
Rgb,2017-03-03
datetime,2017-05-03
splithalf,2017-04-07
survidm,2017-05-27
wpp2017,2017-06-29
EthSEQ,2017-04-03
metaviz,2017-02-06
MonteCarlo,2017-03-17
rdlocrand,2017-04-07
adaptiveGPCA,2017-05-05
gfmR,2017-05-20
patentsview,2017-07-12
assignPOP,2016-12-29
bindr,2016-11-13
pacotest,2017-02-15
xtractomatic,2016-10-05
aniDom,2017-02-09
gfer,2016-12-19
widyr,2017-08-14
datetimeutils,2017-08-28
Rcriticor,2017-06-23
rmonad,2017-07-13
sim1000G,2017-08-17
cronR,2017-03-03
EpiILM,2017-04-14
wgeesel,2017-04-22
lime,2017-09-15
anomalyDetection,2017-03-20
ACMEeqtl,2017-03-11
KraljicMatrix,2016-12-15
origami,2017-06-23
robets,2016-11-23
slickR,2017-04-01
adeba,2017-07-03
hansard,2016-11-12
RcmdrPlugin.aRnova,2017-08-08
tmcn,2017-06-12
OpenML,2016-11-12
rpostgisLT,2016-11-01
ashr,2016-12-27
DoE.MIParray,2017-09-28
fauxpas,2016-11-16
GetITRData,2017-09-30
ldhmm,2017-04-13
idmTPreg,2017-07-28
projector,2017-09-28
worldmet,2017-01-26
zenplots,2016-12-16
fuzzywuzzyR,2017-04-11
photobiologyLamps,2016-10-23
rospca,2017-01-16
nzpullover,2017-01-29
Rcssplot,2017-03-06
rpgm,2017-02-28
stoRy,2017-05-09
bea.R,2016-12-02
CPBayes,2017-01-23
multfisher,2017-04-27
BEACH,2016-10-06
lassopv,2017-01-21
suncalc,2017-05-15
VeryLargeIntegers,2017-09-04
CircMLE,2017-05-13
sNPLS,2016-10-09
confSAM,2017-01-18
ratios,2017-06-25
ggmuller,2017-09-01
PakPC2017,2017-09-05
Brundle,2017-09-19
clust.bin.pair,2016-10-26
ratesci,2016-11-13
EMMIXcskew,2017-02-08
inferr,2017-02-14
mopa,2017-06-06
Rilostat,2017-08-30
revdbayes,2016-11-23
swCRTdesign,2016-12-23
tatoo,2017-05-03
fivethirtyeight,2017-01-09
tidygraph,2017-07-07
npcopTest,2017-01-09
vote,2017-02-21
adepro,2017-07-12
OutliersO3,2017-09-26
PTXQC,2016-10-11
valuer,2016-12-12
MBC,2016-10-13
multiApply,2017-07-18
quantoptr,2017-03-11
survivalsvm,2017-06-15
aVirtualTwins,2016-10-09
gk,2017-02-05
pcev,2016-12-05
ICSOutlier,2016-12-20
pipeGS,2016-11-17
SpaDES.addins,2017-09-02
cifti,2017-05-05
gifti,2017-05-05
modmarg,2017-06-05
opticut,2016-12-17
denoiSeq,2017-07-18
nlsr,2017-02-13
OOR,2017-02-03
BeSS,2017-04-20
ggQC,2017-03-29
RBMRB,2016-11-18
robustBLME,2017-06-08
spatstat.local,2017-03-30
tibbletime,2017-09-07
atsd,2016-12-05
ludic,2016-12-28
phylotate,2017-01-03
tRophicPosition,2017-06-12
waver,2017-01-16
clustRcompaR,2017-01-07
libsoc,2017-02-11
zeallot,2017-01-27
ANOVAreplication,2017-04-24
bigtcr,2016-10-30
kokudosuuchi,2016-11-07
languagelayeR,2016-12-20
censusr,2016-12-05
diagis,2016-10-29
finch,2016-12-23
gradDescent,2016-12-29
heims,2017-06-21
datapasta,2016-11-29
highlightHTML,2017-01-02
TCIApathfinder,2017-08-20
BibPlots,2017-07-14
Xplortext,2017-05-25
gLRTH,2017-01-05
OmicsPLS,2017-05-09
pals,2016-12-14
CreditRisk,2017-09-12
LinkageMapView,2017-02-06
nofrills,2017-07-23
rMR,2017-01-06
tropAlgebra,2017-08-01
dat,2017-01-07
equSA,2017-02-22
abjutils,2017-01-04
lbreg,2016-12-20
PSW,2017-09-22
RNAseqNet,2017-04-19
rrpack,2017-06-22
canprot,2017-06-13
dtree,2017-04-20
SMMA,2017-03-30
mau,2017-07-18
optimus,2017-03-24
ROI.plugin.lpsolve,2016-12-19
splashr,2017-08-29
easySdcTable,2016-12-30
COMBAT,2017-01-11
cordillera,2017-07-25
photobiologyLEDs,2016-10-23
Emcdf,2017-06-02
preText,2016-10-08
PRIMME,2017-04-13
rSQM,2017-09-25
tsdf,2017-09-06
brant,2017-03-18
IATScore,2017-04-26
influxdbr,2017-07-13
MultiRNG,2017-06-04
RandPro,2017-01-11
rFSA,2016-10-18
UnivRNG,2017-05-23
elevatr,2017-01-26
Rbgs,2017-06-06
RGBM,2017-02-21
univOutl,2017-06-13
constants,2017-07-17
csv,2017-02-18
dynsbm,2017-02-24
sgee,2016-10-17
grove,2017-02-05
fmbasics,2017-02-12
MatManlyMix,2017-08-05
fastrtext,2017-09-15
fmdates,2017-01-08
ipft,2017-02-15
SparseDC,2017-05-02
tidystringdist,2017-09-29
Biolinv,2017-02-03
miRNAss,2017-05-06
naivebayes,2017-01-05
sofa,2016-10-13
bhm,2016-10-12
rxylib,2017-06-30
widgetframe,2017-02-27
msde,2017-07-06
mudfold,2017-03-30
AmesHousing,2017-09-26
PKPDmisc,2017-08-22
stringformattr,2016-12-05
SyncRNG,2016-10-16
zonator,2017-07-09
cleanEHR,2017-02-02
gofastr,2017-01-01
BisRNA,2017-04-12
clustEff,2017-09-26
GMAC,2017-04-09
elo,2017-08-16
libcoin,2016-12-09
corpus,2017-04-16
inum,2016-12-09
refset,2016-12-05
parsemsf,2017-01-24
Inventorymodel,2017-04-17
plotrr,2017-02-12
mazeGen,2017-01-05
mdw,2017-08-28
networkGen,2017-07-05
striprtf,2016-12-16
xesreadR,2017-06-19
EAinference,2017-09-16
harrietr,2017-02-22
NestedCategBayesImpute,2016-11-17
adapr,2016-11-07
goftte,2017-05-15
passport,2017-07-09
SASmarkdown,2017-07-10
MUS,2017-05-29
Dforest,2017-06-26
phase1RMD,2017-03-23
simEd,2017-05-10
cctools,2017-04-26
unitizer,2017-04-03
CorporaCoCo,2017-03-27
IDCard,2017-09-08
MHTdiscrete,2016-10-20
powdist,2017-08-05
futility,2017-07-29
KMgene,2017-09-26
LCF,2017-02-17
ManifoldOptim,2016-11-05
epicontacts,2017-04-27
ICRanks,2017-08-08
RcppHMM,2017-02-08
RcppTN,2017-07-09
AWR.Athena,2017-06-16
wicket,2017-01-21
easyAHP,2017-07-29
xslt,2017-01-07
gamreg,2016-10-07
revgeo,2017-05-04
spiderbar,2017-09-25
sppmix,2017-02-23
modest,2017-06-28
ICCbin,2016-12-11
dparser,2017-04-29
StakeholderAnalysis,2017-09-01
qboxplot,2017-03-22
rsample,2017-07-08
ThankYouStars,2017-09-17
BatchMap,2017-03-27
anocva,2016-12-28
PdPDB,2016-11-18
rGoodData,2017-03-22
rLDCP,2016-12-23
rODE,2017-05-28
geojson,2016-11-16
epxToR,2017-02-14
Diderot,2017-09-01
RcppQuantuccia,2017-04-18
ArCo,2017-04-04
lplyr,2017-01-25
Pstat,2017-02-25
RJSplot,2017-05-19
slowraker,2017-09-08
infraFDTD.assist,2016-11-20
MBHdesign,2016-11-20
phylocanvas,2017-02-03
rsurfer,2017-05-03
coppeCosenzaR,2017-05-20
vfcp,2017-05-15
countyfloods,2017-04-01
FinAna,2016-11-09
kaphom,2017-08-11
meanr,2017-06-07
routr,2017-08-22
GerminaR,2016-12-24
WWR,2017-02-12
cbar,2017-06-23
MOEADr,2017-03-16
MoLE,2017-07-03
nspmix,2017-04-26
optimization,2016-12-04
EfficientMaxEigenpair,2016-12-07
MHCtools,2017-09-29
WaveLetLongMemory,2016-12-12
zFactor,2017-06-28
debugme,2016-11-01
docuSignr,2017-04-14
groupdata2,2017-01-28
oii,2016-10-02
ROI.plugin.msbinlp,2017-05-18
ROI.plugin.optimx,2017-05-18
liteq,2017-01-27
EasyMx,2017-05-02
htm2txt,2017-09-04
mafs,2016-11-19
monoreg,2017-06-29
LZeroSpikeInference,2017-05-18
geomedb,2017-05-03
sicegar,2017-03-19
vennplot,2017-04-09
GSMX,2016-10-03
rucrdtw,2016-11-07
curstatCI,2017-07-25
icmm,2017-07-27
iDINGO,2017-08-22
HybridFS,2017-09-25
brea,2016-10-06
colf,2016-12-03
RcppBlaze,2017-02-20
Replicate,2017-09-30
BMhyb,2017-09-11
D3partitionR,2016-10-01
editData,2017-09-24
BaTFLED3D,2017-02-12
BrownDog,2017-06-28
DWLasso,2017-08-25
DataEntry,2017-03-14
proustr,2017-06-07
confinterpret,2017-03-15
additiveDEA,2017-08-02
TSCS,2017-06-06
msaR,2016-12-06
basictabler,2017-09-30
msu,2017-09-30
SimTimeVar,2017-09-30
statsDK,2017-09-05
apercu,2017-04-26
CHMM,2017-04-19
MFKnockoffs,2017-07-08
ArchaeoPhases,2017-02-07
breakfast,2017-05-26
glacierSMBM,2017-09-28
isnullptr,2017-09-25
pder,2017-09-28
pifpaf,2017-05-31
ecoseries,2017-01-05
EventStudy,2017-05-20
importar,2017-09-19
kfda,2017-09-27
LFDREmpiricalBayes,2017-09-27
tinyProject,2017-09-27
BNPMIXcluster,2016-12-03
coinmarketcapr,2017-09-26
d3plus,2017-09-25
econullnetr,2017-09-25
prioritylasso,2017-03-16
parlitools,2017-05-03
leabRa,2017-09-22
mosaicModel,2017-09-22
MRFA,2017-07-14
OBMbpkg,2017-09-22
RcmdrPlugin.sutteForecastR,2017-09-22
regexSelect,2017-09-22
USCF,2017-09-22
brazilmaps,2017-09-21
magicLamp,2017-09-21
QLearning,2017-09-21
rstansim,2017-09-21
softermax,2017-09-21
cptec,2017-09-20
ensemblepp,2017-09-20
FDRSeg,2017-09-07
ROI.plugin.clp,2017-04-12
binaryGP,2017-09-19
BMT,2017-09-19
curvecomp,2017-09-19
envDocument,2017-03-11
EQUIVNONINF,2017-09-19
fusionclust,2017-09-19
gma,2017-09-19
IGP,2017-09-19
kpeaks,2017-09-19
SiER,2017-09-19
sure,2017-08-21
BNSL,2017-03-08
leafSTAR,2017-09-18
mcMST,2017-07-11
tsgui,2017-09-18
cytominer,2017-09-17
randnet,2017-09-17
rbtt,2017-09-17
SampleSize4ClinicalTrials,2017-09-17
DES,2017-09-16
googleComputeEngineR,2016-11-19
MsdeParEst,2017-09-16
wildcard,2017-05-21
AurieLSHGaussian,2017-09-13
CATTexact,2017-09-15
gradientPickerD3,2017-09-15
linemap,2017-09-15
MFT,2017-09-15
veccompare,2017-09-15
CausalImpact,2017-04-10
causalMGM,2017-08-30
glassdoor,2017-09-14
ADPF,2017-09-13
auto.pca,2017-09-12
DCD,2017-09-12
medmod,2017-09-12
PredPsych,2017-02-15
unifDAG,2017-09-12
GauPro,2016-10-12
nos,2017-05-31
opendotaR,2017-09-11
sutteForecastR,2017-09-11
yuimaGUI,2016-12-03
MTSYS,2017-08-02
CARS,2017-08-02
fecR,2016-11-03
GeoMongo,2017-08-07
RTaxometrics,2017-05-30
distrr,2017-09-08
repurrrsive,2017-09-08
SMM,2017-07-22
AWR,2017-02-11
Bios2cor,2017-08-24
cprr,2017-09-07
mapReasy,2017-09-07
modelwordcloud,2017-09-07
multilaterals,2017-09-07
PakPMICS2014Ch,2017-09-07
PakPMICS2014HH,2017-09-07
PakPMICS2014HL,2017-09-07
PakPMICS2014Wm,2017-09-07
unjoin,2017-09-07
csabounds,2017-09-06
FactorsR,2017-02-17
madrat,2017-05-29
Ohit,2017-09-06
TNC,2017-09-06
UdderQuarterInfectionData,2017-09-06
FuzzyNumbers.Ext.2,2017-03-18
graphql,2016-10-04
RcextTools,2017-06-06
VDSPCalibration,2017-09-05
billboard,2017-09-04
BosonSampling,2017-09-04
cbanalysis,2017-04-13
dplyrAssist,2017-09-04
freqdom.fda,2017-09-04
re2r,2017-09-04
RGeode,2017-09-04
threshr,2017-09-04
alphavantager,2017-09-03
doubcens,2017-09-03
pcdpca,2016-11-27
ShinyImage,2017-09-03
AlphaVantageClient,2017-09-02
BinarybalancedCut,2017-09-02
afpt,2017-09-01
cr17,2017-09-01
DelayedEffect.Design,2017-09-01
EcoIndR,2017-03-13
Inflation,2017-09-01
jaod,2017-09-01
rDotNet,2017-08-30
ari,2017-08-31
cdparcoord,2017-08-31
npphen,2017-08-31
wktmo,2017-05-31
cenGAM,2017-08-30
deltar,2017-08-30
seedCCA,2017-08-30
ebmc,2017-08-29
FPV,2017-08-29
LowWAFOMSobol,2017-07-13
mcompanion,2017-08-29
MTE,2017-08-29
nomogramEx,2016-11-30
PeriodicTable,2017-01-05
sensitivitymult,2017-05-16
caffsim,2017-08-14
ccmm,2017-08-28
dmutate,2017-01-25
PSIMEX,2017-07-25
SpatialEpiApp,2017-02-27
LowWAFOMNX,2017-07-11
prcr,2017-02-17
accSDA,2017-08-24
Ecohydmod,2017-08-24
mExplorer,2017-08-24
multdyn,2017-03-23
noncomplyR,2017-08-24
Strategy,2016-12-09
ActiveDriver,2017-08-23
genepop,2017-06-14
kntnr,2016-11-17
macc,2016-11-03
ConfigParser,2017-08-22
esreg,2017-08-17
R2DGC,2017-08-22
simpleCache,2017-08-21
SLICER,2017-08-22
STARTdesign,2017-08-22
Wrapped,2017-02-05
InfoTrad,2016-12-23
ircor,2017-08-21
GRCdata,2017-08-20
happybiRthday,2017-08-20
ccRemover,2017-05-18
sasMap,2017-08-18
CompDist,2017-08-17
forwards,2017-08-17
gamCopula,2017-01-14
AssayCorrector,2016-12-29
atlantistools,2017-05-10
IceCast,2017-06-23
ggquiver,2017-08-15
GrpString,2017-01-06
LBSPR,2016-12-13
PeakSegDP,2017-06-21
samon,2017-08-15
SorptionAnalysis,2017-08-15
CIplot,2017-08-14
ConfoundedMeta,2017-06-02
fastJT,2017-01-27
lmmen,2017-08-14
tsiR,2017-02-17
rdpla,2016-10-14
dataMeta,2017-04-24
IAbin,2017-08-11
rasterList,2017-08-11
rcv,2017-06-14
valaddin,2017-03-24
vanddraabe,2017-08-11
vocaldia,2017-04-11
GEint,2016-10-01
IPMRF,2017-05-05
poker,2017-08-09
PsyControl,2017-08-09
kangar00,2017-04-27
OHPL,2017-07-17
blink,2017-08-07
default,2017-08-07
multiCA,2016-10-06
permGS,2017-01-24
statesRcontiguous,2017-08-07
restfulr,2017-03-07
ggversa,2017-08-05
italy,2017-08-05
equaltestMI,2017-08-04
GFA,2016-10-11
metaBMA,2017-07-26
RcppXPtrUtils,2017-08-04
soilcarbon,2017-05-03
SpatialAcc,2017-05-22
banR,2017-08-03
cranlike,2017-04-27
echogram,2017-02-08
EMAtools,2017-05-15
ggsignif,2017-04-05
lmmpar,2017-08-03
multistate,2017-08-03
rddensity,2017-03-16
svenssonm,2017-08-03
ambhasGW,2017-07-15
GreedyEPL,2017-08-02
IrishDirectorates,2016-11-18
MixtureRegLTIC,2017-08-01
rtimicropem,2017-08-02
subgroup.discovery,2017-07-20
tbl2xts,2017-06-23
ThermIndex,2017-07-25
dejaVu,2017-08-01
DoEstRare,2017-08-01
fasjem,2017-04-21
glmnetUtils,2017-02-05
kpmt,2017-08-01
structree,2016-12-13
nonlinearICP,2017-07-31
fChange,2017-07-29
rclipboard,2017-07-29
RkMetrics,2017-07-28
CDVineCopulaConditional,2017-03-02
mmtsne,2017-07-28
lsplsGlm,2017-07-27
mosaicCalc,2017-07-27
optiSolve,2017-07-27
iRF,2017-07-26
maxTPR,2017-07-26
unrepx,2017-07-26
bayeslongitudinal,2017-07-25
concaveman,2017-07-25
ggseqlogo,2017-06-13
MRTSampleSize,2017-07-25
PowerNormal,2017-06-04
seqICP,2017-06-27
sidrar,2017-04-23
GGEBiplots,2017-07-24
pcensmix,2017-07-24
c2c,2017-07-23
geoGAM,2016-10-29
dsmodels,2016-11-11
prisonbrief,2017-07-22
vcov,2017-07-22
spNNGP,2017-07-16
DCA,2017-04-11
BayesianGLasso,2017-07-19
FastSF,2017-07-06
harmonicmeanp,2017-07-19
ivregEX,2017-07-19
liquidSVM,2017-02-24
OBRE,2017-07-19
scifigure,2017-07-19
diffpriv,2017-07-18
social,2017-07-18
brlrmr,2017-05-24
Census2016,2017-07-17
cnbdistr,2017-07-17
ercv,2017-07-17
flexsurvcure,2017-05-14
fragilityindex,2016-10-06
LCox,2017-07-17
sergeant,2017-07-17
gh,2017-07-16
llogistic,2017-07-16
senstrat,2017-07-16
centiserve,2017-07-15
docker,2017-07-13
DrImpute,2017-07-15
randomForestExplainer,2017-07-15
spongecake,2016-11-25
tetraclasse,2017-07-15
TSF,2017-07-15
credsubs,2017-07-14
geotoolsR,2017-07-14
interfr,2017-07-13
noaastormevents,2017-07-13
facebook.S4,2017-07-12
interim,2017-06-08
integIRTy,2017-07-11
NameNeedle,2017-07-11
roots,2017-07-11
AutoDeskR,2016-11-12
dGAselID,2016-11-20
FUNLDA,2017-07-07
netcom,2017-07-08
oompaData,2017-07-10
PoloniexR,2017-07-10
SFS,2017-06-20
decomposedPSF,2017-07-09
fcm,2017-05-25
lpdensity,2017-04-11
mthapower,2017-07-09
postlightmercury,2017-06-26
fcuk,2017-07-07
ggplotgui,2017-07-08
l1kdeconv,2017-04-18
mixlink,2016-12-23
waccR,2017-07-08
BNPMediation,2017-07-07
SobolSequence,2017-07-07
textile,2017-07-07
Autoplotprotein,2017-07-06
correlbinom,2017-07-06
ggChernoff,2017-07-06
mandelbrot,2017-07-06
Robocoap,2017-07-06
assocInd,2017-07-05
awspack,2017-07-01
catSurv,2017-06-15
coxphSGD,2017-07-05
midas,2017-07-05
numGen,2017-05-21
SuperGauss,2017-07-05
aws.cloudtrail,2017-07-04
aws.sns,2016-12-08
aws.sqs,2016-12-09
cepR,2017-07-04
SSM,2017-07-04
wql,2017-07-04
aurelius,2017-07-03
ecolottery,2017-07-03
mnis,2016-12-29
autoBagging,2017-07-02
aws.lambda,2017-07-02
geoSpectral,2017-03-24
hurdlr,2017-07-02
kgschart,2017-05-13
quickregression,2017-07-02
rsoi,2017-04-04
aws.iam,2017-07-01
fence,2017-07-01
hbdct,2017-06-29
MicroMacroMultilevel,2017-07-01
SkyWatchr,2016-12-04
BiBitR,2016-11-30
hhh4contacts,2017-06-30
scpm,2017-06-28
StratifiedRF,2017-06-21
BradleyTerryScalable,2017-06-29
gsloid,2017-06-29
kazaam,2017-06-29
My.stepwise,2017-06-29
pinnacle.data,2017-06-29
assertable,2017-01-14
ExpRep,2017-06-28
ForecastFramework,2017-06-28
goldi,2016-10-17
ppcc,2017-06-28
SFtools,2017-06-28
sparsio,2017-06-28
FSTpackage,2017-06-27
gmediation,2017-05-11
NCSampling,2017-06-27
Opportunistic,2017-05-10
otrimle,2016-10-05
BayesTwin,2017-06-26
CRANsearcher,2017-06-26
intRvals,2017-06-26
plater,2016-10-06
pltesim,2017-02-23
rattle.data,2017-06-26
twfy,2017-06-26
net.security,2017-04-01
tidygenomics,2017-06-25
DZEXPM,2017-06-24
MultiSkew,2017-06-12
BCgee,2017-06-23
corset,2017-03-24
JumpTest,2017-06-22
m2r,2017-06-23
mljar,2017-06-01
nlsrk,2017-06-23
SCAT,2017-06-23
MOQA,2017-06-22
rMouse,2017-06-22
rrcov3way,2017-06-22
swapClass,2017-06-20
ftDK,2017-06-21
anchoredDistr,2017-06-15
mssqlR,2017-06-20
POMaSPU,2017-06-20
rematch2,2017-06-20
RLeafAngle,2017-06-20
taxizedb,2017-05-04
ukbabynames,2017-06-20
clinPK,2017-06-19
namedCapture,2017-06-19
PeakError,2017-06-19
sfadv,2017-06-19
forecastSNSTS,2016-11-12
processmonitR,2017-06-18
ECFsup,2017-06-17
secret,2017-06-17
CityWaterBalance,2017-06-16
phenopix,2017-06-15
baseballDBR,2017-06-15
dataverse,2017-06-15
GeoRange,2017-06-15
mccr,2017-06-12
pleiades,2016-12-20
zooaRchGUI,2017-05-11
nscprepr,2017-06-13
ZIBseq,2017-04-24
d3Tree,2017-04-02
argon2,2017-06-12
patternator,2017-06-12
SanFranBeachWater,2017-06-12
standardize,2017-04-04
featurizer,2017-06-11
orderstats,2017-06-11
colorpatch,2017-06-10
soptdmaeA,2017-06-10
frequencies,2017-06-08
getmstatistic,2017-06-06
mixEMM,2017-06-08
Risk,2017-06-08
xsp,2017-06-08
gqlr,2017-06-07
iNOTE,2017-06-07
BAYESDEF,2017-06-06
bdlp,2017-06-06
covfefe,2017-06-06
gamlssbssn,2017-06-06
gghalfnorm,2016-12-31
HDCI,2017-06-06
iadf,2017-06-06
piton,2017-05-28
pwrAB,2017-06-06
rpst,2017-06-06
themetagenomics,2017-06-06
zstdr,2017-06-02
capn,2017-06-05
imaginator,2017-06-05
ck37r,2017-06-03
eesim,2017-06-03
glmertree,2017-06-03
KRMM,2017-06-03
NB.MClust,2017-05-03
hypersampleplan,2017-06-02
logOfGamma,2017-06-02
webglobe,2017-06-02
kerasR,2017-03-20
QPBoot,2017-06-01
baitmet,2017-01-14
difconet,2017-05-31
ElastH,2017-05-28
ids,2016-11-04
ImaginR,2017-05-31
logistic4p,2017-05-31
pencopulaCond,2017-05-31
mdpeer,2016-11-25
DDM,2017-05-29
dfCompare,2017-05-29
phrasemachine,2016-10-24
here,2017-05-28
SmartSVA,2016-11-13
didrooRFM,2017-05-27
polypoly,2017-05-27
SeerMapper,2017-05-27
stratvns,2017-05-27
CharFun,2017-05-26
stratbr,2017-05-11
tictactoe,2016-12-28
apng,2017-05-25
rdoxygen,2017-05-25
timelineR,2017-05-25
TriadSim,2017-05-13
lans2r,2017-05-24
wally,2017-05-17
RHPCBenchmark,2017-05-23
RNAstructureModuleMiner,2017-05-23
ROI.models.miplib,2017-05-23
rpatrec,2017-04-20
xLLiM,2016-12-05
Rd2md,2017-05-22
sotu,2017-05-22
NPMOD,2017-05-21
AHMbook,2017-04-20
CATT,2017-02-22
checkarg,2017-05-19
kdevine,2017-01-14
numKM,2017-05-19
poisbinom,2017-05-16
printr,2017-05-19
GUIgems,2017-05-18
easyNCDF,2017-04-08
zeligverse,2017-05-05
ExcessMass,2017-05-16
PROscorer,2017-05-16
rif,2017-03-16
PairwiseD,2017-05-04
PROscorerTools,2017-05-15
slim,2016-11-07
gomms,2017-05-14
GEEmediate,2016-11-18
learnrbook,2017-05-13
mbgraphic,2017-05-13
diffMeshGP,2017-05-12
EpistemicGameTheory,2017-05-10
fastTextR,2017-05-12
iGSEA,2017-05-12
jocre,2016-10-05
lifelogr,2017-05-12
shinycssloaders,2017-05-10
sinib,2017-05-12
usedist,2017-05-12
iECAT,2017-05-11
lhmixr,2017-05-11
pawls,2017-05-11
WebGestaltR,2017-02-26
lindia,2017-05-10
lsasim,2017-02-23
outbreaks,2016-10-31
qrsvm,2017-05-10
AcuityView,2017-05-09
plotprotein,2017-05-09
IndianTaxCalc,2017-02-28
RPEXE.RPEXT,2017-05-08
PROreg,2017-05-06
pwr2,2017-05-06
cowbell,2017-05-05
crunchy,2017-05-05
ContourFunctions,2017-05-04
DataGraph,2017-05-03
idar,2017-05-04
seasonalview,2016-12-14
kmcudaR,2017-05-03
m2b,2017-05-03
qrmix,2017-05-03
discord,2017-05-02
dsrTest,2017-04-24
KSEAapp,2017-05-02
mut,2017-05-02
ncdump,2017-05-02
onehot,2017-05-02
angstroms,2017-05-01
EML,2016-12-20
MHTmult,2017-05-01
MetaboList,2016-12-29
pafdR,2017-04-30
SPADAR,2017-04-30
ChocoLattes,2017-04-29
dataseries,2017-02-17
mockr,2017-04-29
casebase,2017-04-28
gsrsb,2017-04-28
WikidataQueryServiceR,2017-01-17
aSPC,2017-04-27
mstherm,2017-04-27
bulletr,2017-04-26
coxphMIC,2017-04-26
md.log,2017-04-26
censCov,2017-04-25
RandMeta,2017-04-25
zip,2017-04-25
ajv,2017-04-24
BarBorGradient,2017-04-24
ider,2017-04-24
nonpar,2017-02-21
ring,2017-04-24
selectapref,2017-04-24
startR,2017-04-22
chemmodlab,2017-04-21
CrossScreening,2017-03-09
KENDL,2017-03-21
RpeakChrom,2016-12-14
SADISA,2017-04-21
simMP,2017-04-21
statGraph,2017-04-21
unix,2017-04-03
PortfolioOptim,2017-04-20
PCADSC,2017-04-19
yarrr,2016-10-08
icosa,2017-04-18
TSGSIS,2017-04-18
uqr,2016-10-30
WLreg,2017-04-18
mro,2017-04-16
complexity,2017-01-21
bayesCL,2017-04-14
SeerMapper2010East,2017-04-14
SeerMapper2010West,2017-04-14
StatPerMeCo,2017-04-14
thankr,2017-04-14
fpest,2017-04-13
nopaco,2017-01-13
R2ucare,2017-04-13
SeerMapper2010Regs,2017-04-13
spec,2017-03-10
Tnseq,2017-02-09
tubern,2017-04-13
wrangle,2017-02-20
marcher,2017-04-12
optrcdmaeAT,2017-04-12
SeerMapperEast,2017-04-12
SeerMapperWest,2017-04-12
fastqcr,2017-04-11
GADAG,2017-04-11
GLIDE,2017-04-11
D3GB,2017-04-10
lspline,2017-04-10
SeerMapperRegs,2017-04-10
mRchmadness,2017-04-09
skeletor,2016-12-30
duckduckr,2017-04-07
IMTest,2017-04-07
MedDietCalc,2017-04-07
micEconIndex,2017-04-07
secure,2017-03-24
sylcount,2017-04-07
classifierplots,2017-01-12
CoFRA,2016-12-26
eshrink,2017-04-06
zfa,2017-04-06
HYRISK,2017-04-04
TSMN,2017-04-04
afmToolkit,2017-04-03
groupsubsetselection,2017-04-03
nlshelper,2017-04-03
vesselr,2017-03-24
xbreed,2017-03-31
xyz,2016-11-05
enrichR,2017-04-02
medicare,2016-10-10
grapes,2017-04-01
InterfaceqPCR,2017-04-01
SARP.moodle,2017-02-19
tensorr,2017-04-01
aptg,2017-03-31
focusedMDS,2017-03-22
kscons,2017-03-31
optim.functions,2017-03-30
BLModel,2017-03-29
fam2r,2017-03-29
metavcov,2017-02-20
moezipfR,2016-12-09
patternize,2017-03-29
tilegramsR,2016-11-10
tsqn,2017-03-29
itan,2017-03-28
shinyHeatmaply,2017-03-28
NetworkRiskMeasures,2017-01-10
slimrec,2017-03-25
TeachBayes,2017-01-14
vortexRdata,2017-03-25
docstring,2017-03-24
IPWsurvival,2017-03-24
PCFAM,2017-03-24
affluenceIndex,2017-03-23
summariser,2017-03-23
tsxtreme,2017-03-14
CVR,2017-03-22
pathmapping,2017-03-20
xlsimple,2017-03-22
FMC,2017-03-21
gpg,2016-10-13
orgutils,2017-03-21
rnaturalearth,2017-03-21
rolr,2017-03-21
stmgp,2017-03-21
EstimateGroupNetwork,2017-03-20
Rvoterdistance,2017-03-20
shinyShortcut,2017-03-19
OSCV,2017-03-18
BASS,2016-12-16
BCSub,2016-10-29
CNull,2017-03-16
FlexDir,2017-03-16
RankingProject,2017-03-16
rolypoly,2017-03-16
gee4,2017-03-15
gatepoints,2016-11-18
outreg,2017-03-14
collpcm,2017-03-13
radmixture,2017-03-13
cmpprocess,2017-03-11
iNextPD,2017-03-11
rdataretriever,2017-03-11
HoRM,2017-01-27
SigOptR,2017-03-10
CONS,2017-01-17
iSDM,2017-03-09
SymTS,2017-03-09
VertexSort,2017-03-04
badger,2017-03-08
BCellMA,2016-11-03
NHLData,2017-03-08
readOffice,2017-03-08
cpr,2017-03-07
otinference,2017-03-07
remindR,2017-03-07
edarf,2016-10-25
funchir,2017-03-05
gt4ireval,2017-03-06
MLID,2017-02-23
twilio,2017-03-06
VarED,2017-03-05
CPsurv,2017-03-04
SubgrpID,2017-02-28
CensSpatial,2016-10-08
cghRA,2017-03-03
Dpit,2017-03-03
cropdatape,2017-03-02
fitplc,2016-10-19
gaiah,2017-03-02
WPKDE,2017-03-02
DiffNet,2017-02-28
rcc,2017-02-28
dirmcmc,2017-02-27
extdplyr,2017-02-23
fontHind,2017-02-27
fontMPlus,2017-02-27
gbts,2016-10-08
leafletCN,2016-12-30
misreport,2016-12-05
automagic,2017-02-26
AWR.Kinesis,2017-02-26
betacal,2017-02-25
ccafs,2017-02-24
europop,2017-01-17
som.nn,2017-02-09
TAR,2017-02-24
EnviroPRA,2017-02-23
InvasionCorrection,2017-02-23
naptime,2016-11-13
neighbr,2017-02-23
prefeR,2017-02-23
robustarima,2017-02-23
BayesSpec,2017-02-22
BCC1997,2017-02-22
bsearchtools,2016-11-06
DecorateR,2017-02-08
lclGWAS,2016-11-15
mle.tools,2017-02-21
rnaturalearthdata,2017-02-21
stdvectors,2017-02-21
AWR.KMS,2017-02-20
BayesFM,2016-11-03
colorr,2017-02-20
fileplyr,2017-02-03
gMOIP,2017-01-23
GSparO,2017-02-20
upmfit,2017-02-19
educineq,2017-02-17
keyringr,2016-10-23
marinespeed,2017-02-17
opusminer,2017-02-16
rope,2017-02-16
spdownscale,2017-02-16
ubeR,2016-10-22
condir,2017-02-15
velociraptr,2017-02-15
warpMix,2017-02-15
dgodata,2017-02-14
eefAnalytics,2017-02-14
paperplanes,2017-02-14
rapiclient,2017-02-14
HRQoL,2017-02-12
maxnet,2016-11-16
optbdmaeAT,2017-02-09
BayesCombo,2017-02-08
FuzzyStatTra,2017-02-08
OCA,2017-02-08
GPB,2017-02-07
cbird,2017-02-06
mdftracks,2017-02-06
QuantileGradeR,2017-02-05
samplingDataCRT,2017-02-06
SMLoutliers,2017-02-06
mbrglm,2017-02-05
flippant,2016-12-21
superheat,2017-02-04
moveWindSpeed,2016-10-19
mpe,2017-02-02
readHAC,2017-02-02
SignifReg,2017-02-02
EnsCat,2017-01-18
ShinyTester,2017-02-01
sonify,2017-02-01
ssmsn,2017-02-01
iBST,2017-01-31
flood,2017-01-30
inspectr,2017-01-30
observer,2017-01-29
poio,2016-10-30
alphabetr,2017-01-28
gbp,2017-01-28
hurricaneexposure,2017-01-28
tracer,2017-01-28
LumReader,2017-01-27
sparsestep,2017-01-27
BayesPieceHazSelect,2017-01-26
eclust,2017-01-26
nparsurv,2017-01-26
mutSignatures,2017-01-24
NORMA,2017-01-24
powerEQTL,2017-01-24
rKIN,2017-01-24
simpleSetup,2017-01-24
chi2x3way,2016-12-13
skm,2017-01-23
ICV,2017-01-22
intrval,2016-12-06
kpcalg,2017-01-22
mglR,2017-01-22
SOFIA,2017-01-22
tea,2017-01-22
teda,2016-10-27
rcure,2017-01-21
testforDEP,2017-01-07
bytescircle,2016-11-16
caesar,2017-01-18
cleanr,2016-12-21
conditions,2017-01-18
bayesianETAS,2016-12-14
rCAT,2017-01-17
cumstats,2017-01-16
maxmatching,2017-01-15
PoSI,2017-01-15
InfiniumPurify,2017-01-14
rwars,2017-01-14
GeneClusterNet,2017-01-13
SADEG,2017-01-13
sparkwarc,2017-01-10
EBrank,2017-01-12
rld,2017-01-12
zTree,2016-12-19
esmisc,2017-01-11
NetWeaver,2016-12-22
QRank,2017-01-11
BoolFilter,2017-01-09
esaddle,2016-11-28
rjsonapi,2017-01-09
sysid,2017-01-07
BivRegBLS,2017-01-06
fabCI,2017-01-06
ltxsparklines,2016-12-27
Plasmidprofiler,2017-01-05
semver,2017-01-02
crisp,2017-01-05
FixSeqMTP,2016-12-01
requireR,2016-12-11
dSVA,2017-01-04
HeritSeq,2017-01-04
minimalRSD,2017-01-04
Partiallyoverlapping,2017-01-04
pwt9,2017-01-04
Redmonder,2017-01-04
tsdecomp,2017-01-04
TSeriesMMA,2017-01-04
colr,2017-01-03
FTRLProximal,2016-11-11
natserv,2016-12-15
awsjavasdk,2017-01-01
censys,2016-12-31
hds,2016-12-31
bossMaps,2016-12-30
attrCUSUM,2016-12-28
acrt,2016-12-18
bayesloglin,2016-12-19
DStree,2016-12-27
KTensorGraphs,2016-12-27
restrictedMVN,2016-12-27
rFTRLProximal,2016-12-27
spark.sas7bdat,2016-11-18
UStatBookABSC,2016-12-27
DISTRIB,2016-12-26
factorcpt,2016-12-16
utf8latex,2016-12-26
findviews,2016-10-09
ggguitar,2016-11-30
ROI.models.netlib,2016-12-23
ztype,2016-12-23
crosstalk,2016-12-21
pgee.mixed,2016-12-21
rocNIT,2016-12-21
SpaTimeClus,2016-12-21
aws.ses,2016-12-20
SPPcomb,2016-12-20
stmgui,2016-11-27
pipeliner,2016-12-16
DirectStandardisation,2016-10-17
magicfor,2016-12-18
MTDrh,2016-12-17
MWRidge,2016-12-17
PepSAVIms,2016-12-03
FinancialMath,2016-12-13
coprimary,2016-12-15
BTYDplus,2016-12-14
bpp,2016-12-13
MODISSnow,2016-12-13
poptrend,2016-12-13
ampd,2016-11-03
DNLC,2016-12-11
errorizer,2016-11-06
rtrends,2016-12-10
CuCubes,2016-12-09
GLMaSPU,2016-12-09
magree,2016-12-09
rrr,2016-12-09
aws.polly,2016-12-08
gofMC,2016-12-08
Radviz,2016-12-08
DCM,2016-12-04
icesVocab,2016-12-06
rccmisc,2016-12-06
robustsae,2016-12-06
AmmoniaConcentration,2016-12-05
bannerCommenter,2016-12-05
bridger2,2016-12-05
easypackages,2016-12-05
melviewr,2016-12-05
MultiBD,2016-12-05
optigrab,2016-12-05
PANDA,2016-12-05
rt3,2016-12-05
tswge,2016-12-05
phuassess,2016-10-22
SISIR,2016-12-04
rhnerm,2016-12-03
ClimDown,2016-12-02
vkR,2016-12-02
deconvolveR,2016-12-01
freqdist,2016-12-01
gbs2ploidy,2016-12-01
rxSeq,2016-12-01
camsRad,2016-11-30
eMLEloglin,2016-11-24
effectFusion,2016-11-29
listdtr,2016-11-29
Przewodnik,2016-11-29
testassay,2016-11-29
tsdisagg2,2016-11-29
GeomComb,2016-11-27
notifyme,2016-11-12
aslib,2016-11-25
dynetNLAResistance,2016-11-25
rIsing,2016-11-25
rlo,2016-11-25
survAWKMT2,2016-11-25
quarrint,2016-11-24
RDStreeboot,2016-11-24
epistasis,2016-11-07
SpaCCr,2016-11-23
strat,2016-11-23
mbclusterwise,2016-11-22
ockc,2016-11-22
Rdtq,2016-11-22
pstest,2016-11-21
relabeLoadings,2016-11-21
ADCT,2016-11-20
climbeR,2016-11-19
DGCA,2016-11-17
gwfa,2016-11-17
NegBinBetaBinreg,2016-11-17
tinsel,2016-11-17
apdesign,2016-11-15
colormap,2016-10-21
WEE,2016-11-15
PhyInformR,2016-11-13
CSclone,2016-11-12
flock,2016-11-08
jointNmix,2016-11-12
LEANR,2016-11-12
Planesmuestra,2016-11-12
ptest,2016-11-12
qiitr,2016-11-12
sparkline,2016-11-12
XRSCC,2016-11-12
medfate,2016-11-09
cthreshER,2016-11-10
exteriorMatch,2016-11-10
RSIP,2016-11-10
HARtools,2016-11-09
horseshoe,2016-11-08
msaFACE,2016-11-08
pirate,2016-11-08
rehh.data,2016-11-08
wvtool,2016-11-08
diffrprojectswidget,2016-11-07
regtools,2016-11-07
Rga4gh,2016-11-07
starmie,2016-11-07
varband,2016-11-07
diffrprojects,2016-11-06
varSel,2016-11-05
ordcrm,2016-11-04
packagedocs,2016-11-04
MiRAnorm,2016-11-03
rtext,2016-11-01
stringb,2016-10-31
rRAP,2016-10-09
AdjBQR,2016-10-30
gtheory,2016-10-30
mhtboot,2016-10-30
RDota2,2016-10-30
rgeoapi,2016-10-30
endogenous,2016-10-29
spftir,2016-10-29
triangulation,2016-10-29
MIDN,2016-10-28
spellcheckr,2016-10-28
fizzbuzzR,2016-10-27
countyweather,2016-10-26
IRATER,2016-10-26
gym,2016-10-25
ABC.RAP,2016-10-20
corlink,2016-10-20
ggloop,2016-10-20
MullerPlot,2016-10-20
validatejsonr,2016-10-20
PCSinR,2016-10-19
cryst,2016-10-18
TDPanalysis,2016-10-18
GraphFactor,2016-10-17
KnapsackSampling,2016-10-16
fontLiberation,2016-10-15
RSarules,2016-10-15
types,2016-10-15
dbfaker,2016-10-14
ISR3,2016-10-14
scan,2016-10-14
convertr,2016-10-13
MethodCompare,2016-10-12
exp2flux,2016-10-11
haploReconstruct,2016-10-10
rgw,2016-10-10
valorate,2016-10-02
ptwikiwords,2016-10-08
sharpeRratio,2016-10-07
tsSelect,2016-10-06
sAIC,2016-10-05
ordDisp,2016-10-04
EBASS,2016-10-02
fixedTimeEvents,2016-10-02
expandFunctions,2016-10-01
sBIC,2016-10-01
