pkg_name,pkg_vig_any,pkg_vig_name,words_cnt
gcite,0,NA,NA
EdSurvey,1,accommodations.Rmd,689
EdSurvey,1,AnalysesUsingAchievementLevelsBasedonPlausibleValues.Rnw,11
EdSurvey,1,edsurvey.Rmd,4561
EdSurvey,1,getData.Rmd,2075
EdSurvey,1,statistics.Rmd,2393
fdq,0,NA,NA
RBesT,1,customizing_plots.Rmd,808
RBesT,1,introduction_normal.Rmd,1193
RBesT,1,introduction.Rmd,1247
RBesT,1,robustMAP.Rmd,751
recipes,1,Custom_Steps.Rmd,1043
recipes,1,Ordering.Rmd,178
recipes,1,Selecting_Variables.Rmd,244
recipes,1,Simple_Example.Rmd,677
tensorflow,0,NA,NA
BART,0,NA,NA
cleanNLP,0,NA,NA
lvnet,0,NA,NA
pinbasic,0,NA,NA
RcppMsgPack,0,NA,NA
SpaDES.core,1,i-introduction.Rmd,2568
SpaDES.core,1,ii-modules.Rmd,4426
valr,1,interval-stats.Rmd,518
valr,1,valr.Rmd,1154
ggeffects,1,marginaleffects.Rmd,917
wTO,0,NA,NA
ems,0,NA,NA
GENEAclassify,1,GENEAclassifyDemo.Rmd,2349
jmv,0,NA,NA
reproducible,0,NA,NA
canvasXpress,1,getting_started.Rmd,261
divest,0,NA,NA
FRegSigCom,0,NA,NA
hommel,0,NA,NA
pkggraph,1,vignette_pkggraph.Rmd,928
POUMM,1,UserGuide.Rmd,2310
Rdimtools,0,NA,NA
wrapr,1,DebugFnW.Rmd,410
wrapr,1,let.Rmd,332
DescToolsAddIns,0,NA,NA
giphyr,0,NA,NA
GJRM,0,NA,NA
LNIRT,0,NA,NA
mnreadR,0,NA,NA
palm,0,NA,NA
personalized,1,usage_of_the_personalized_package.Rmd,3387
configr,0,NA,NA
dimRed,0,NA,NA
helixvis,1,Visualization.Rmd,1059
skpr,0,NA,NA
sys,0,NA,NA
fastLink,0,NA,NA
fingertipsR,1,lifeExpectancy.md,577
fingertipsR,1,lifeExpectancy.Rmd,697
FSelectorRcpp,1,benchmarks_discretize.Rmd,533
FSelectorRcpp,1,get_started.Rmd,719
reqres,0,NA,NA
STARTS,0,NA,NA
AMCTestmakeR,1,AMCTestmaker.Rmd,933
nandb,1,nandb.Rmd,308
Rcrawler,0,NA,NA
reportReg,0,NA,NA
aphid,1,aphid-vignette.Rmd,2393
gastempt,1,gastempt.Rmd,43
antiword,0,NA,NA
arsenal,1,freqlist.Rmd,899
arsenal,1,modelsum.Rmd,2847
arsenal,1,tableby.Rmd,2857
dtangle,1,basic-deconvolution.Rmd,697
httptest,0,NA,NA
idefix,0,NA,NA
MALDIrppa,1,MALDIrppa_vignette.Rmd,2710
quickPlot,1,iii-plotting.Rmd,2598
survHE,0,NA,NA
unrtf,0,NA,NA
walker,1,walker.Rmd,1003
MADPop,1,MADPop-quicktut.Rmd,1678
memapp,0,NA,NA
breathteststan,0,NA,NA
elasticsearchr,1,quick_start.Rmd,1274
exampletestr,1,exampletestr.Rmd,592
gggenes,1,introduction-to-gggenes.Rmd,232
huxtable,1,design-principles.Rmd,697
huxtable,1,introduction-to-huxtable.Rmd,696
worrms,1,worrms_vignette.Rmd,131
mdmb,0,NA,NA
webmockr,0,NA,NA
WVPlots,1,WVPlots_concept.Rmd,484
WVPlots,1,WVPlots_examples.Rmd,483
augSIMEX,0,NA,NA
autothresholdr,1,autothresholdr.Rmd,180
eulerr,1,introduction.Rmd,483
jmvcore,0,NA,NA
semtree,0,NA,NA
sessioninfo,0,NA,NA
shinyWidgets,0,NA,NA
spant,1,spant-intro.Rmd,122
KarsTS,0,NA,NA
sigr,1,sigrFormatting.Rmd,152
egg,1,Ecosystem.Rmd,1279
egg,1,Overview.Rmd,481
numform,0,NA,NA
owmr,0,NA,NA
tidyRSS,1,tidyrss.Rmd,198
dexter,1,dexter.Rmd,1586
dexter,1,profile-plots.Rmd,797
redlistr,1,redlistr-vignette.Rmd,1640
tesseract,0,NA,NA
VARtests,0,NA,NA
hutils,0,NA,NA
incidence,1,customize_plot.Rmd,557
incidence,1,incidence_class.Rmd,357
incidence,1,overview.Rmd,762
automultinomial,0,NA,NA
flextable,1,format.Rmd,601
flextable,1,layout.Rmd,514
flextable,1,overview.Rmd,512
gibble,0,NA,NA
mvord,1,vignette_mvord.Rnw,7112
RATest,1,RDperm.Rnw,3151
restriktor,0,NA,NA
shallot,0,NA,NA
spatstat.utils,0,NA,NA
AMModels,0,NA,NA
cpt,0,NA,NA
filesstrings,1,files.Rmd,157
filesstrings,1,strings.Rmd,220
GDINA,0,NA,NA
greta,1,example_models.Rmd,100
greta,1,get_started.Rmd,2650
greta,1,technical_details.Rmd,671
lemon,1,capped-axes.Rmd,777
lemon,1,gtable_show_lemonade.Rmd,275
lemon,1,legends.Rmd,887
lemon,1,lemon_print.Rmd,388
vennLasso,1,using_the_vennLasso_package.Rmd,1538
rsparkling,0,NA,NA
strip,0,NA,NA
atus,0,NA,NA
ebimetagenomics,0,NA,NA
spectrolab,1,advanced_spectrolab.Rmd,354
spectrolab,1,introduction_to_spectrolab.Rmd,1221
spectrolab,1,match_sensors.Rmd,428
sugrrants,1,frame-calendar.Rmd,1005
uavRmp,1,uavRmp_1.Rmd,2306
vistime,0,NA,NA
ggspatial,0,NA,NA
BayesS5,0,NA,NA
commonsMath,0,NA,NA
drake,1,drake.Rmd,2135
latexpdf,1,tabular.Rnw,201
link2GI,0,NA,NA
electoral,0,NA,NA
JuliaCall,0,NA,NA
microdemic,0,NA,NA
MODIS,0,NA,NA
PhenotypeSimulator,1,UsagePhenotypeSimulator.Rmd,2326
reactR,1,intro_reactR.Rmd,102
rlang,1,tidy-evaluation.Rmd,1366
rlas,0,NA,NA
sitree,1,TestEquations.Rmd,1246
solvebio,0,NA,NA
texPreview,0,NA,NA
CrossVA,0,NA,NA
d3r,0,NA,NA
dodgr,1,benchmark.Rmd,533
dodgr,1,dodgr.Rmd,2676
mmpf,1,mmpf.Rmd,421
mvLSW,0,NA,NA
NetworkInference,1,netinf_vignette.Rmd,1064
rsMove,0,NA,NA
rWind,0,NA,NA
sf,1,sfr.Rmd,3194
taskscheduleR,1,taskscheduleR.Rmd,317
trackdem,0,NA,NA
blogdown,0,NA,NA
DEploid,1,dEploid-Arguments.Rmd,450
isdparser,1,isdparser_vignette.Rmd,243
websearchr,0,NA,NA
xaringan,0,NA,NA
bikedata,1,bikedata.Rmd,3536
dLagM,0,NA,NA
dynamichazard,1,Comparing_methods_for_logistic_models.Rmd,2950
dynamichazard,1,ddhazard.Rmd,7583
FishResp,0,NA,NA
meteoland,1,Meteorology.Rnw,4046
osmdata,1,osm-sf-translation.Rmd,1715
osmdata,1,osmdata.Rmd,2803
bridgesampling,1,bridgesampling_example.Rmd,1134
cdata,1,RowsAndColumns.Rmd,2023
RApiDatetime,0,NA,NA
lexicon,0,NA,NA
ciTools,0,NA,NA
poliscidata,0,NA,NA
webTRISr,0,NA,NA
wikitaxa,1,wikitaxa_vignette.Rmd,174
xtensor,0,NA,NA
antaresRead,1,antares.Rmd,829
bsplinePsd,0,NA,NA
charlatan,1,charlatan_vignette.Rmd,379
evaluator,1,usage.Rmd,1322
hNMF,0,NA,NA
PowerUpR,0,NA,NA
PWEALL,0,NA,NA
sdpt3r,1,doptimal.Rnw,794
sdpt3r,1,dwd.Rnw,444
sdpt3r,1,etp.Rnw,398
sdpt3r,1,gpp.Rnw,324
sdpt3r,1,lmi.Rnw,491
sdpt3r,1,logcheby.Rnw,326
sdpt3r,1,lovasz.Rnw,308
sdpt3r,1,maxcut.Rnw,799
sdpt3r,1,maxkcut.Rnw,367
sdpt3r,1,minelips.Rnw,295
sdpt3r,1,nearcorr.Rnw,902
sdpt3r,1,sdpt3r.Rnw,6181
sdpt3r,1,toeplitz.Rnw,357
BimodalIndex,1,bim.Rnw,279
breathtestcore,1,breathtestcore.Rmd,35
clickR,0,NA,NA
dataPreparation,1,dataPreparation.Rmd,1043
fergm,1,mesaHighVignette.Rmd,803
GenAlgo,1,genalg.Rnw,2481
pinyin,1,pinyin.Rmd,317
pivottabler,1,calculations.Rmd,1981
pivottabler,1,datagroups.Rmd,1387
pivottabler,1,introduction.Rmd,1035
pivottabler,1,shiny.Rmd,401
pivottabler,1,styling.Rmd,864
bcROCsurface,1,example.Rmd,1073
bookdownplus,0,NA,NA
grattan,1,companion-to-sample-file-1314.Rmd,1971
grattan,1,differential-uprating.Rmd,431
grattan,1,Modelling-superannuation-changes.Rmd,358
grattan,1,Performance-of-project.Rmd,150
queuecomputer,1,Howto.Rmd,334
queuecomputer,1,MMk_queues.Rmd,314
cosinor2,0,NA,NA
crminer,0,NA,NA
define,0,NA,NA
dendroTools,0,NA,NA
dslabs,0,NA,NA
readJDX,1,readJDX.Rnw,853
stormwindmodel,1,Details.Rmd,4030
stormwindmodel,1,Overview.Rmd,1365
analytics,0,NA,NA
touch,0,NA,NA
GSED,0,NA,NA
hoardr,1,hoardr_vignette.Rmd,139
psychmeta,0,NA,NA
Rnightlights,0,NA,NA
treemapify,1,introduction-to-treemapify.Rmd,532
bamlss,0,NA,NA
mMPA,1,my-vignette.Rmd,228
mrfDepth,0,NA,NA
antaresViz,0,NA,NA
BatchGetSymbols,1,BatchGetSymbols-vignette.Rmd,426
FLightR,0,NA,NA
GetLattesData,1,gld_vignette-ReadLattes.Rmd,379
GROAN,1,GROAN.vignette.Rmd,1886
itunesr,0,NA,NA
partialCI,1,pci_vignette.Rmd,1581
Rodam,1,odamws.Rmd,495
stacomiR,0,NA,NA
tidyselect,0,NA,NA
airGR,1,airGR.Rmd,1379
emdi,0,NA,NA
NetworkChange,0,NA,NA
wooldridge,1,wooldridge-vignette.Rmd,4618
EFAutilities,0,NA,NA
mindr,1,mindr.Rmd,150
nucim,0,NA,NA
billboarder,1,billboarder-intro.Rmd,330
billboarder,1,billboarder-options.Rmd,521
c212,0,NA,NA
easyreg,0,NA,NA
psda,0,NA,NA
sptemExp,0,NA,NA
pollen,0,NA,NA
ratelimitr,1,introduction.Rmd,268
rmapzen,0,NA,NA
wallace,0,NA,NA
bazar,0,NA,NA
googledrive,1,googledrive.Rmd,30
pdSpecEst,1,vignette.Rmd,711
spmoran,1,vignette.Rmd,23
CMatching,0,NA,NA
comtradr,0,NA,NA
PWFSLSmoke,1,Data_Model.Rmd,552
PWFSLSmoke,1,Maps_and_Timeseries_Plots.Rmd,724
uiucthemes,0,NA,NA
auk,1,auk.Rmd,2345
Delta,0,NA,NA
partitionComparison,0,NA,NA
rjmcmc,0,NA,NA
soundgen,1,acoustic_analysis.Rmd,7108
soundgen,1,sound_generation.Rmd,6233
spatstat.data,0,NA,NA
TileManager,0,NA,NA
ClassDiscovery,1,maha-test.Rnw,486
ClassDiscovery,1,oompa-cd.Rnw,1471
dataMaid,0,NA,NA
mdsOpt,0,NA,NA
odr,1,odr.Rmd,950
PeakSegJoint,0,NA,NA
RcmdrPlugin.RiskDemo,0,NA,NA
vein,0,NA,NA
tensorBF,0,NA,NA
WeightedROC,1,Definition.Rnw,338
WeightedROC,1,Speed.Rnw,426
carData,0,NA,NA
loon,1,minorities.Rmd,3770
loon,1,teaching-example-smoothing.Rmd,2352
metaplot,0,NA,NA
nanotime,0,NA,NA
nonmemica,1,parameter-table.Rmd,1347
clustermq,1,clustermq.Rmd,629
fDMA,0,NA,NA
LearnGeom,1,my-vignette.Rmd,2048
shadow,1,introduction.Rmd,1243
antaresProcessing,1,antaresProcessing.Rmd,349
BETS,0,NA,NA
ecm,0,NA,NA
scalpel,0,NA,NA
textreadr,0,NA,NA
ggridges,1,gallery.Rmd,258
ggridges,1,introduction.Rmd,1232
boxcoxmix,0,NA,NA
seplyr,1,seplyr.Rmd,241
frequencyConnectedness,0,NA,NA
grf,0,NA,NA
parallelDist,1,parallelDist.Rnw,1002
revengc,0,NA,NA
smapr,1,smapr-vignette.Rmd,424
geex,1,v00_geex_intro.Rmd,1132
geex,1,v01_additional_examples.Rmd,960
geex,1,v02_sandwich_comparison.Rmd,188
geex,1,v03_root_solvers.Rmd,255
geex,1,v04_weights.Rmd,187
geex,1,v05_finite_sample_corrections.Rmd,693
geex,1,v06_causal_example.Rmd,169
geex,1,v07_geex_design.Rmd,475
geojsonR,0,NA,NA
jtools,1,interactions.Rmd,1850
jtools,1,j_summ.Rmd,707
jtools,1,svycor.Rmd,561
sparsepp,0,NA,NA
uGMAR,1,intro-to-uGMAR.Rmd,1205
HEMDAG,0,NA,NA
RInno,1,Deployment.Rmd,418
RInno,1,Introduction.Rmd,469
datasauRus,1,Datasaurus.Rmd,134
gravity,0,NA,NA
phuse,0,NA,NA
rcoreoa,1,cored_vignette.Rmd,887
ROptSpace,0,NA,NA
BayLum,1,BayLum.Rmd,1694
CIAAWconsensus,0,NA,NA
dataCompareR,1,dataCompareR.Rmd,818
replyr,1,letExample.Rmd,285
replyr,1,replyr.Rmd,1304
hetGP,0,NA,NA
later,1,later-cpp.Rmd,489
ReIns,1,ReIns.Rmd,2378
gdns,0,NA,NA
mbir,1,mbir-vignette.Rmd,3957
aiRthermo,0,NA,NA
graphon,0,NA,NA
hIRT,0,NA,NA
reprex,0,NA,NA
usmap,1,introduction.Rmd,280
usmap,1,mapping.Rmd,139
BLPestimatoR,0,NA,NA
spData,0,NA,NA
LabourMarketAreas,0,NA,NA
mize,1,convergence.Rmd,907
mize,1,mize.Rmd,4533
mize,1,mmds.Rmd,1023
mize,1,stateful.Rmd,1498
moveVis,0,NA,NA
sgmcmc,1,gaussMixture.Rmd,775
sgmcmc,1,logisticRegression.Rmd,891
sgmcmc,1,mvGauss.Rmd,704
sgmcmc,1,sgmcmc.Rmd,842
document,1,Introduction_to_document.Rmd,361
EnvCpt,0,NA,NA
HDtest,0,NA,NA
knor,0,NA,NA
nse,0,NA,NA
SimPhe,1,SimPhe.Rmd,664
bigstep,0,NA,NA
bomrang,1,bomrang.Rmd,4076
bomrang,1,use_case.Rmd,472
geosapi,0,NA,NA
getCRUCLdata,1,getCRUCLdata.Rmd,605
ggmosaic,1,ggmosaic.Rmd,1295
grec,0,NA,NA
merDeriv,0,NA,NA
odpc,0,NA,NA
sjlabelled,1,intro_sjlabelled.Rmd,1396
sjlabelled,1,labelleddata.Rmd,370
fastnet,0,NA,NA
IncDTW,0,NA,NA
mixKernel,0,NA,NA
PhylogeneticEM,1,tutorial.Rmd,840
prettycode,0,NA,NA
scorecard,0,NA,NA
zoocat,1,my-vignette.Rmd,368
BIGL,1,analysis.Rmd,2247
BIGL,1,methodology.Rmd,884
datasets.load,0,NA,NA
ghibli,1,ghibli-guide.Rmd,120
naniar,1,getting-started-w-naniar.Rmd,1889
naniar,1,naniar-visualisation.Rmd,431
penaltyLearning,1,Definition.Rnw,1675
rly,0,NA,NA
udpipe,1,udpipe-annotation.Rmd,812
udpipe,1,udpipe-train.Rmd,1972
redR,0,NA,NA
reportROC,0,NA,NA
fitur,1,introduction.Rmd,161
ggdmc,0,NA,NA
healthcareai,0,NA,NA
fastR2,1,errata.Rmd,34
gamesGA,0,NA,NA
iMediate,0,NA,NA
sinew,0,NA,NA
taxonomizr,1,usage.Rmd,463
bayesImageS,1,introduction.Rnw,3436
intccr,0,NA,NA
lero.lero,0,NA,NA
OOBCurve,0,NA,NA
PeerPerformance,0,NA,NA
RiskPortfolios,0,NA,NA
covatest,0,NA,NA
fdANOVA,1,fdANOVA.Rnw,7615
cytometree,0,NA,NA
SSLASSO,0,NA,NA
eDMA,1,eDMA_1.1.Rnw,8932
MCMCvis,1,MCMCvis.Rmd,711
tidycensus,0,NA,NA
vpc,0,NA,NA
bgsmtr,0,NA,NA
mclustcomp,0,NA,NA
supc,1,supc.Rmd,1742
startup,0,NA,NA
symDMatrix,0,NA,NA
TeXCheckR,0,NA,NA
tfruns,0,NA,NA
adiv,0,NA,NA
BGData,0,NA,NA
gsynth,0,NA,NA
keras,1,about_keras_layers.Rmd,310
keras,1,about_keras_models.Rmd,370
keras,1,applications.Rmd,423
keras,1,backend.Rmd,1443
keras,1,custom_layers.Rmd,451
keras,1,faq.Rmd,2010
keras,1,functional_api.Rmd,1643
keras,1,sequential_model.Rmd,1248
keras,1,tensorboard.Rmd,510
keras,1,training_callbacks.Rmd,380
perccalc,1,perc_calculator_example.Rmd,725
perccalc,1,perc_warning_example.Rmd,165
quickmatch,0,NA,NA
rtrim,1,rtrim_for_TRIM_users.Rmd,772
rtrim,1,Skylark_example.Rmd,1258
rtrim,1,Working_with_tcf.Rmd,254
scclust,0,NA,NA
stepPenal,0,NA,NA
CINNA,1,CINNA.Rmd,1560
manet,0,NA,NA
micemd,0,NA,NA
sarima,1,white_noise_tests.Rnw,594
BayesNetBP,0,NA,NA
BioInstaller,0,NA,NA
collapsibleTree,0,NA,NA
Eagle,0,NA,NA
geometa,0,NA,NA
GMSE,0,NA,NA
lidR,0,NA,NA
lmridge,0,NA,NA
rstantools,1,developer-guidelines.Rmd,1301
rvinecopulib,0,NA,NA
SSBtools,0,NA,NA
TLMoments,1,comparison_of_computation_time.Rmd,616
TLMoments,1,short_introduction.Rmd,408
quickblock,0,NA,NA
rsolr,1,intro.Rnw,1461
lagged,0,NA,NA
RLT,0,NA,NA
shinyFeedback,1,shinyFeedback-intro.Rmd,175
censusapi,1,getting-started.Rmd,766
dwapi,1,quickstart.Rmd,311
hrbrthemes,1,why_hrbrthemes.Rmd,960
IPEC,0,NA,NA
mockery,1,mocks-and-testthat.Rmd,607
sweep,1,SW00_Introduction_to_sweep.Rmd,1264
sweep,1,SW01_Forecasting_Time_Series_Groups.Rmd,978
sweep,1,SW02_Forecasting_Multiple_Models.Rmd,988
timetk,1,TK00_Time_Series_Coercion.Rmd,1974
timetk,1,TK01_Working_With_Time_Series_Index.Rmd,1453
timetk,1,TK02_Making_A_Future_Time_Series_Index.Rmd,1233
timetk,1,TK03_Forecasting_Using_Time_Series_Signature.Rmd,1328
narray,1,narray.Rmd,283
AbSim,1,vignette.Rmd,1950
bigstatsr,0,NA,NA
DMMF,0,NA,NA
GPrank,1,vignette.Rnw,1666
haploR,1,haplor-vignette.Rmd,275
optrdd,0,NA,NA
textutils,1,btable.Rnw,90
batchtools,1,ErrorHandling.Rmd,307
batchtools,1,ExampleExperiment.Rmd,1010
batchtools,1,ExamplePiSim.Rmd,506
batchtools,1,Setup.Rmd,437
castor,0,NA,NA
datastructures,1,datastructures.Rmd,509
mapedit,0,NA,NA
openEBGM,1,x1_introAndDataPrepVignette.Rmd,905
openEBGM,1,x2_rawDataProcessingVignette.Rmd,393
openEBGM,1,x3_hyperParameterVignette.Rmd,1047
openEBGM,1,x4_posteriorCalculationVignette.Rmd,772
openEBGM,1,x5_openEBGMObjectVignette.Rmd,586
processx,0,NA,NA
BMisc,0,NA,NA
cholera,1,duplicate.missing.cases.Rmd,2654
cholera,1,pump.neighborhoods.Rmd,1157
cholera,1,roads.Rmd,1062
cholera,1,time.series.Rmd,125
cholera,1,unstacking.fatalities.Rmd,2821
civis,1,civis_ml.Rmd,1086
civis,1,concurrency.Rmd,572
civis,1,data_import_and_export.Rmd,945
civis,1,quick_start.Rmd,342
distances,0,NA,NA
vetr,1,alike.Rmd,2152
vetr,1,vetr.Rmd,1046
LMfilteR,0,NA,NA
powerlmm,1,simulations.Rmd,523
powerlmm,1,technical.Rmd,1101
powerlmm,1,three-level.Rmd,1160
powerlmm,1,two-level.Rmd,642
ProliferativeIndex,1,ProliferativeIndexVignette.Rmd,519
snakecase,1,caseconverters.Rmd,268
EL2Surv,0,NA,NA
kirby21.base,0,NA,NA
kirby21.fmri,0,NA,NA
kirby21.t1,0,NA,NA
sequoia,1,sequoia.Rnw,3841
subprocess,1,intro.Rmd,1024
genBaRcode,0,NA,NA
libstableR,0,NA,NA
MCMCprecision,0,NA,NA
jcolors,1,using_the_jcolors_package.Rmd,267
IDmining,0,NA,NA
PRISMAstatement,1,PRISMA.Rmd,96
taxa,1,taxa-vignette.Rmd,1703
gridsample,0,NA,NA
nsROC,0,NA,NA
roadoi,1,intro.Rmd,733
tmaptools,0,NA,NA
coda.base,0,NA,NA
crochet,0,NA,NA
DSAIDE,1,DSAIDE.Rmd,1801
gasfluxes,0,NA,NA
MatrixLDA,0,NA,NA
reticulate,1,arrays.Rmd,1454
reticulate,1,introduction.Rmd,1562
rPraat,0,NA,NA
simmer.plot,1,plot.simmer.Rmd,373
simmer.plot,1,plot.trajectory.Rmd,91
ggformula,1,ggformula.Rmd,2357
icesTAF,0,NA,NA
pre,0,NA,NA
TOSTER,1,IntroductionToTOSTER.Rmd,989
bayesplot,1,MCMC-diagnostics.Rmd,1832
bayesplot,1,MCMC.Rmd,526
bayesplot,1,PPC.Rmd,1246
LncFinder,0,NA,NA
colourvision,0,NA,NA
hyper2,1,hyper2.Rnw,2489
flifo,1,flifo-vignette.Rmd,175
gcKrig,0,NA,NA
geomerge,0,NA,NA
janitor,1,introduction.Rmd,953
statip,0,NA,NA
dotCall64,0,NA,NA
reghelper,0,NA,NA
sylly,1,sylly_vignette.Rnw,540
makedummies,0,NA,NA
woeBinning,0,NA,NA
CBCgrps,0,NA,NA
CSeqpat,0,NA,NA
aws.ec2metadata,0,NA,NA
errors,0,NA,NA
GPoM,1,GeneralIntro.Rmd,597
GPoM,1,I_Generate.Rmd,608
GPoM,1,II_PreProcessing.Rmd,1574
GPoM,1,III_Modelling.Rmd,1855
GPoM,1,IV_VisualizeOutputs.Rmd,809
GPoM,1,V_Predictability.Rmd,909
projmanr,0,NA,NA
regplot,0,NA,NA
dbplyr,1,dbplyr.Rmd,1315
dbplyr,1,new-backend.Rmd,313
dbplyr,1,sql-translation.Rmd,1284
netCoin,0,NA,NA
oddsratio,1,exemplary-function-usage.Rmd,405
shinyjqui,1,introduction.Rmd,1281
shinyjqui,1,orderInput.Rmd,328
simglm,1,GeneralizedModels.Rmd,327
simglm,1,Intro.Rmd,1750
simglm,1,Missing.Rmd,816
simglm,1,Power.Rmd,984
simglm,1,unbalanced.Rmd,832
textTinyR,1,functionality_of_textTinyR_package.Rmd,4042
anMC,0,NA,NA
safer,0,NA,NA
mapsapi,1,intro.Rmd,319
nmaINLA,1,nmaINLA.Rnw,782
officer,1,powerpoint.Rmd,975
officer,1,word.Rmd,696
textclean,0,NA,NA
WordR,1,WordR.Rmd,726
ggiraphExtra,1,introduction.Rmd,278
MSbox,0,NA,NA
survutils,0,NA,NA
BAMBI,0,NA,NA
ggpval,1,ggpval.Rmd,104
wdman,1,basics.Rmd,1221
BALCONY,0,NA,NA
ggstance,0,NA,NA
lumberjack,1,extending.Rmd,468
lumberjack,1,intro.Rmd,755
Seurat,0,NA,NA
spind,1,spind_vignette.Rmd,1567
spm,1,spm.Rmd,1111
vagalumeR,0,NA,NA
blastula,0,NA,NA
ncar,0,NA,NA
NonCompart,0,NA,NA
rwalkr,0,NA,NA
binman,1,binman-Basics.Rmd,919
CNLTreg,0,NA,NA
CNLTtsa,0,NA,NA
future.batchtools,0,NA,NA
qqplotr,0,NA,NA
rmpw,0,NA,NA
SmoothWin,0,NA,NA
CATkit,0,NA,NA
CodeDepends,1,intro.Rmd,768
dgo,0,NA,NA
easyDes,0,NA,NA
glue,0,NA,NA
pinp,0,NA,NA
rmda,0,NA,NA
RTransProb,0,NA,NA
scatterpie,1,scatterpie.Rmd,128
BayesianTools,1,BayesianTools.Rmd,2721
beyondWhittle,0,NA,NA
DendroSync,0,NA,NA
GCalignR,1,GCalignR_step_by_step.Rmd,2119
keyring,0,NA,NA
ordinalForest,0,NA,NA
spacyr,0,NA,NA
WRTDStidal,0,NA,NA
benchr,0,NA,NA
GreedyExperimentalDesign,1,GreedyExperimentalDesign.Rnw,1049
MODIStsp,1,MODIStsp.Rmd,3362
Rlinsolve,1,Rlinsolve_basics.Rmd,217
SpaDES.tools,0,NA,NA
FRK,1,FRK_intro.Rnw,7509
htree,0,NA,NA
incadata,1,incadata.Rmd,819
incadata,1,rccdates.Rmd,239
Rlda,0,NA,NA
gemlog,0,NA,NA
MAGNAMWAR,1,using_mag.Rmd,1772
qGaussian,0,NA,NA
spass,0,NA,NA
desctable,1,desctable.Rmd,1599
polyPK,1,my-vignette.Rmd,453
bayesDP,0,NA,NA
cetcolor,1,cet_color_schemes.Rmd,193
crul,1,crul_vignette.Rmd,216
MetaSubtract,0,NA,NA
pdfsearch,0,NA,NA
qicharts2,1,qicharts2.Rmd,4400
rhoR,0,NA,NA
spelling,0,NA,NA
phylopath,1,intro_to_phylopath.Rmd,797
ggforce,1,Visual_Guide.Rmd,2350
ggraph,1,Edges.Rmd,1555
ggraph,1,Layouts.Rmd,1167
ggraph,1,Nodes.Rmd,577
AcousticNDLCodeR,0,NA,NA
CytobankAPI,1,cytobank-advanced-analyses.Rmd,1089
CytobankAPI,1,cytobank-quickstart.Rmd,1321
docxtools,0,NA,NA
ggfittext,1,introduction-to-ggfittext.Rmd,626
bmixture,0,NA,NA
permDep,0,NA,NA
satscanMapper,0,NA,NA
GADMTools,0,NA,NA
kernelboot,0,NA,NA
visdat,1,using_visdat.Rmd,514
DatabionicSwarm,0,NA,NA
GeneralizedUmatrix,0,NA,NA
ggedit,0,NA,NA
glmmTMB,1,glmmTMB.Rnw,1284
processmapR,0,NA,NA
spup,1,CN.Rmd,1800
spup,1,DEM_v3.Rmd,1847
spup,1,ExternalModel_v2.Rmd,667
spup,1,Rotterdam.Rmd,985
disco,0,NA,NA
drtmle,1,using_drtmle.Rmd,5427
neatmaps,0,NA,NA
simule,0,NA,NA
bupaR,0,NA,NA
GenomicMating,0,NA,NA
ImputeRobust,0,NA,NA
biolink,0,NA,NA
crplyr,0,NA,NA
expint,1,expint.Rnw,1480
learnr,0,NA,NA
mfe,1,mfe-vignette.Rmd,1699
multicmp,0,NA,NA
pool,0,NA,NA
SCORPIUS,1,ginhoux.Rmd,471
SCORPIUS,1,simulated-data.Rmd,420
support.BWS2,0,NA,NA
taxlist,0,NA,NA
vegtable,0,NA,NA
cld3,0,NA,NA
dynOmics,0,NA,NA
prioritizr,1,prioritizr-full.Rmd,45
prioritizr,1,prioritizr-quickstart.Rmd,43
raptr,1,raptr.Rmd,47
ropercenter,1,ropercenter-vignette.Rmd,533
SimMultiCorrData,1,benefits.Rmd,1466
SimMultiCorrData,1,dist_comp.Rmd,509
SimMultiCorrData,1,errorloop.Rmd,286
SimMultiCorrData,1,functions.Rmd,1579
SimMultiCorrData,1,method_comp.Rmd,1210
SimMultiCorrData,1,sixth_validpdf.Rmd,948
SimMultiCorrData,1,variable_types.Rmd,900
SimMultiCorrData,1,workflow.Rmd,2403
colordistance,1,binning-methods.Rmd,2870
colordistance,1,color-metrics.Rmd,1220
colordistance,1,colordistance-introduction.Rmd,2382
CytobankAPIstats,0,NA,NA
dng,0,NA,NA
GBJ,1,GBJ_tutorial.Rmd,923
ClusterBootstrap,0,NA,NA
fetchR,1,introduction-to-fetchR.Rmd,1198
jpmesh,0,NA,NA
padr,1,padr_implementation.Rmd,607
padr,1,padr.Rmd,909
treeDA,1,treeda-vignette.Rmd,1532
unpivotr,1,compass-directions.Rmd,847
unpivotr,1,small-multiples.Rmd,861
catcont,0,NA,NA
cellWise,1,DDC_examples.Rmd,727
multinet,0,NA,NA
phylogram,1,phylogram-vignette.Rmd,1963
coreCT,1,Using_coreCT.Rmd,615
mosaicCore,0,NA,NA
patternplot,1,patternplot-intro.Rmd,328
RIA,0,NA,NA
splot,0,NA,NA
hexSticker,0,NA,NA
KnowBR,0,NA,NA
subscreen,0,NA,NA
BUCSS,0,NA,NA
fastDummies,0,NA,NA
googleLanguageR,1,nlp.Rmd,565
googleLanguageR,1,setup.Rmd,453
googleLanguageR,1,speech.Rmd,473
googleLanguageR,1,translation.Rmd,408
LEGIT,1,LEGIT.Rmd,733
mlrMBO,1,mixed_space_optimization.Rmd,1042
mlrMBO,1,mlrMBO.Rmd,591
mlrMBO,1,noisy_optimization.Rmd,558
mlrMBO,1,parallelization.Rmd,1055
tidyxl,1,tidyxl.Rmd,783
momentuHMM,0,NA,NA
womblR,1,womblR-example.Rmd,1972
chinese.misc,0,NA,NA
cstab,0,NA,NA
ggimage,1,ggimage.Rmd,75
prodest,0,NA,NA
rdiversity,0,NA,NA
spam64,0,NA,NA
uptasticsearch,0,NA,NA
ahnr,1,ahn.Rmd,194
asciiSetupReader,1,Introduction_to_asciiReader.Rmd,451
bayeslm,0,NA,NA
CircularDDM,0,NA,NA
MetaComp,0,NA,NA
fuser,1,subgroup_fusion.Rmd,511
walrus,0,NA,NA
AdhereR,1,AdhereR-overview.Rmd,7658
bsamGP,0,NA,NA
loder,0,NA,NA
MultisiteMediation,0,NA,NA
prophet,1,quick_start.Rmd,171
jpndistrict,0,NA,NA
lingtypology,1,lingtypology.Rmd,1242
tuckerR.mmgg,0,NA,NA
ROpenDota,0,NA,NA
beginr,0,NA,NA
diceR,1,overview.Rmd,853
jwutil,0,NA,NA
leaflet.minicharts,1,introduction.Rmd,721
manipulateWidget,1,manipulateWidgets.Rmd,993
ompr,0,NA,NA
ompr.roi,0,NA,NA
rclimateca,0,NA,NA
StatCharrms,1,StatCharrms.Rnw,3182
teachingApps,0,NA,NA
odbc,0,NA,NA
bivrp,0,NA,NA
briskaR,1,demonstrations.Rmd,368
ConR,1,my-vignette.md,271
ConR,1,my-vignette.Rmd,3114
fst,0,NA,NA
LAM,0,NA,NA
mixR,0,NA,NA
RegularizedSCA,1,cran-comments.md,27
RegularizedSCA,1,NEWS.md,23
RegularizedSCA,1,RSCA-vignette.Rmd,700
textshape,0,NA,NA
tigreBrowserWriter,0,NA,NA
wikilake,1,scrape_michigan_lakes.Rmd,189
SPAtest,0,NA,NA
alterryx,1,using_alterryx.Rmd,697
networktools,1,Impact.Rmd,2039
powerCompRisk,0,NA,NA
Tcomp,1,tourism-comp.Rmd,898
pkr,0,NA,NA
qrcmNP,0,NA,NA
rwc,0,NA,NA
tangram,1,example.Rmd,786
tangram,1,sas-proc-tabulate.Rmd,76
tangram,1,single-style.Rmd,217
excerptr,1,excerptr_Introduction.Rmd,119
LocalControl,0,NA,NA
shinymaterial,0,NA,NA
hmi,1,my-vignette.Rmd,3429
PSTR,0,NA,NA
sitreeE,0,NA,NA
welchADF,0,NA,NA
metaforest,0,NA,NA
redux,1,low_level.Rmd,529
redux,1,redux.Rmd,1350
graphkernels,0,NA,NA
purrrlyr,0,NA,NA
ramcmc,1,ramcmc.Rmd,544
RatingScaleReduction,0,NA,NA
RchivalTag,0,NA,NA
rdwd,1,mapDWD.Rmd,36
rdwd,1,rdwd.Rmd,715
StructFDR,0,NA,NA
DClusterm,1,jss_paper.Rnw,4419
joineRML,1,joineRML.Rmd,1257
qgam,1,qgam.Rmd,1601
RHMS,0,NA,NA
MetaLonDA,1,metalonda.Rmd,194
aws.s3,0,NA,NA
clampSeg,0,NA,NA
DisHet,0,NA,NA
edgarWebR,1,edgarWebR.Rmd,540
PeakSegOptimal,0,NA,NA
BiDAG,0,NA,NA
DPP,0,NA,NA
lvec,0,NA,NA
neurohcp,1,hcp.Rmd,444
bssm,1,bssm.Rmd,1691
bssm,1,growth_model.Rmd,1026
frailtyEM,1,frailtyEM_manual.Rnw,5228
ukbtools,1,explore-ukb-data.Rmd,1137
unsystation,0,NA,NA
ALA4R,1,ALA4R.Rmd,1537
genotypeR,1,genotypeR.Rmd,979
ICtest,1,ICA.Rmd,1260
ICtest,1,PCA.Rmd,604
ICtest,1,SIR.Rmd,313
margins,1,Introduction.Rmd,3536
margins,1,Stata.Rmd,738
margins,1,TechnicalDetails.Rnw,6098
microPop,0,NA,NA
philentropy,1,Distances.Rmd,476
philentropy,1,Information_Theory.Rmd,138
philentropy,1,Introduction.Rmd,532
prediction,0,NA,NA
quadprogXT,0,NA,NA
regnet,0,NA,NA
templates,1,Template_Programming_in_R.Rmd,198
ziphsmm,0,NA,NA
AIG,0,NA,NA
easycsv,0,NA,NA
kableExtra,1,awesome_table_in_html.Rmd,937
tabularaster,1,cell-index-raster-abstraction.Rmd,82
tabularaster,1,raster-abstraction.Rmd,953
tabularaster,1,tabularaster-usage.Rmd,1051
MAVE,1,Short_introduction_to_method_MAVE.Rnw,964
MAVE,1,Short_introduction_to_package_MAVE.Rnw,409
HURDAT,1,hurdat.Rmd,257
kutils,1,variablekey.Rnw,5565
StepSignalMargiLike,0,NA,NA
CrossValidate,1,CrossVal.Rnw,436
GAparsimony,0,NA,NA
ggjoy,1,introduction.Rmd,644
Modeler,1,Modeler.Rnw,786
randgeo,1,randgeo_vignette.Rmd,239
rdist,0,NA,NA
rsurface,0,NA,NA
SIBERG,1,SIBER.Rnw,877
simsurv,0,NA,NA
Umpire,1,Umpire.Rnw,1800
ClassComparison,1,oompa-cc.Rnw,1225
datadogr,0,NA,NA
diffusr,1,diffusr.Rmd,444
implyr,0,NA,NA
oompaBase,1,oompa.Rnw,456
Polychrome,1,polychrome.Rmd,275
PreProcess,1,oompa-prep.Rnw,688
TailRank,1,betabinomial.Rnw,160
TailRank,1,tailrank.Rnw,601
tukeytrend,1,ExamplesTukeytrendtest.Rnw,5034
ChoR,0,NA,NA
datasus,1,Introduction_to_datasus.Rmd,276
rust,1,rust-vignette.Rmd,2434
HTSSIP,1,BD_shifts.Rmd,658
HTSSIP,1,beta_diversity_ordinations.Rmd,236
HTSSIP,1,HTSSIP_intro.Rmd,1468
HTSSIP,1,HTSSIP_sim.Rmd,705
HTSSIP,1,MW_HR_SIP.Rmd,900
HTSSIP,1,qSIP.Rmd,560
HTSSIP,1,quant_incorp.Rmd,388
missRanger,0,NA,NA
PBNPA,0,NA,NA
vortexR,1,vortexRguide.Rmd,10470
base64url,1,Benchmarks.Rmd,182
ffstream,1,ffstream_html.Rmd,1225
MTA,1,MTA_Scenario.Rmd,6493
MTA,1,MTA.Rmd,1401
rbi,0,NA,NA
treespace,1,DengueVignette.Rmd,1019
treespace,1,introduction.Rmd,1612
treespace,1,TransmissionTreesVignette.Rmd,737
mltools,0,NA,NA
ASIP,0,NA,NA
cld2,0,NA,NA
dartR,1,IntroTutorial_dartR.Rmd,6594
Knoema,0,NA,NA
MEclustnet,0,NA,NA
openSTARS,1,Warnings_and_Errors.Rmd,1351
Select,0,NA,NA
shiny.semantic,0,NA,NA
blandr,1,introduction.Rmd,1031
MVisAGe,0,NA,NA
readtext,1,readtext_vignette.Rmd,1011
ROI.plugin.alabama,0,NA,NA
writexl,0,NA,NA
BIEN,1,BIEN.Rmd,694
tidyquant,1,tidyquant.Rmd,3332
coga,1,coga-intro.Rmd,309
DescriptiveStats.OBeu,1,DescriptiveStats.Rmd,745
gdpc,0,NA,NA
LeArEst,0,NA,NA
preference,1,preference-vignette.Rmd,2060
CondIndTests,0,NA,NA
dlib,0,NA,NA
gWQS,1,gwqs-vignette.Rmd,1235
lmvar,1,Intro.Rmd,1348
nardl,0,NA,NA
sensors4plumes,0,NA,NA
imagine,1,vignette.Rmd,700
optional,1,UserGuide.Rmd,271
FactoInvestigate,0,NA,NA
pbdRPC,1,pbdRPC-guide.Rnw,202
rpms,0,NA,NA
DAC,0,NA,NA
olsrr,1,heteroskedasticity.Rmd,533
olsrr,1,influence_measures.Rmd,579
olsrr,1,intro.Rmd,415
olsrr,1,regression_diagnostics.Rmd,966
olsrr,1,residual_diagnostics.Rmd,227
olsrr,1,variable_selection.Rmd,641
ProjectionBasedClustering,0,NA,NA
SurvDisc,0,NA,NA
glm.predict,0,NA,NA
jsonld,0,NA,NA
weco,1,weco-vignette.Rmd,340
AR,0,NA,NA
mrbsizeR,1,mrbsizeR.Rmd,3619
PLMIX,0,NA,NA
PLmixed,0,NA,NA
pointblank,0,NA,NA
RAC,1,vignette.Rmd,1159
brt,0,NA,NA
estprod,0,NA,NA
IMIFA,1,IMIFA.Rmd,1738
Jdmbs,1,Jdmbs-vignette.Rmd,895
nprobust,0,NA,NA
sbart,0,NA,NA
BBMV,0,NA,NA
convexjlr,1,my-vignette.Rmd,983
predtoolsTS,0,NA,NA
sqlscore,0,NA,NA
mathpix,0,NA,NA
mrgsolve,0,NA,NA
vdiffr,0,NA,NA
FHDI,0,NA,NA
SpatialFloor,0,NA,NA
edpclient,0,NA,NA
enviGCMS,1,GCMSDA.Rmd,552
lavaanPlot,1,Intro_to_lavaanPlot.Rmd,268
MiRKAT,1,MiRKAT.Rnw,1635
MittagLeffleR,1,MLdist.Rmd,256
MittagLeffleR,1,parametrisation.Rmd,185
MittagLeffleR,1,probsNquantiles.Rmd,264
nowcasting,0,NA,NA
survivALL,1,basic-usage.Rmd,527
survivALL,1,rationale.Rmd,603
worms,0,NA,NA
EpiCurve,0,NA,NA
MARX,0,NA,NA
VarReg,0,NA,NA
APML0,0,NA,NA
komadown,1,scrartcl.Rmd,1339
leaflet.esri,0,NA,NA
rpql,0,NA,NA
leaflet.extras,0,NA,NA
s2,0,NA,NA
interflex,0,NA,NA
utilsIPEA,0,NA,NA
wiqid,0,NA,NA
ClusVis,0,NA,NA
denseFLMM,0,NA,NA
mschart,1,introduction.Rmd,581
esmprep,0,NA,NA
HiCblock,0,NA,NA
HiCglmi,0,NA,NA
stampr,0,NA,NA
bioOED,1,vignette_bioOED.Rmd,1802
genderBR,0,NA,NA
uncmbb,0,NA,NA
brglm2,1,iteration.Rmd,883
classiFunc,1,classiFunc.Rmd,535
corehunter,0,NA,NA
meltt,0,NA,NA
sglg,0,NA,NA
foghorn,1,quick_start.Rmd,215
yesno,0,NA,NA
fpp2,0,NA,NA
gldrm,0,NA,NA
MultiVarSel,1,MultiVarSel.Rnw,482
survtmle,1,survtmle_intro.Rmd,2369
tsensembler,0,NA,NA
bioimagetools,0,NA,NA
di,1,di-vignette.Rmd,206
snpReady,1,snpReady-vignette.Rmd,1657
nmw,0,NA,NA
swmmr,0,NA,NA
AnnotationBustR,1,AnnotationBustR-vignette.Rmd,1611
esvis,0,NA,NA
SentimentAnalysis,1,SentimentAnalysis.Rmd,2226
spc4sts,0,NA,NA
textstem,0,NA,NA
ggconf,1,Introduction-to-ggconf.Rmd,196
liureg,0,NA,NA
ReinforcementLearning,1,ReinforcementLearning.Rmd,1466
tint,0,NA,NA
alfred,1,alfred.Rmd,122
eply,1,eply.Rmd,365
RWildbook,1,RWildbook_demo1_vignette.Rmd,201
RWildbook,1,RWildbook_demo2_vignette.Rmd,228
bsplus,0,NA,NA
kernplus,0,NA,NA
bigKRLS,1,bigKRLS_basics.Rmd,643
data.world,1,query.Rmd,385
data.world,1,quickstart.Rmd,199
factorMerger,1,brca.Rmd,98
factorMerger,1,factorMerger.Rmd,767
factorMerger,1,pisa2012.Rmd,212
fbar,1,Introduction.Rmd,625
ForestTools,1,treetopAnalysis.Rmd,1683
APfun,0,NA,NA
epidata,0,NA,NA
toxplot,1,Using_ToxPlot_Package_to_Analyze_in_vitro_Screening_Data.Rmd,628
UncertainInterval,0,NA,NA
sparseFLMM,0,NA,NA
cvequality,1,how_to_test_CVs.Rmd,1241
errorlocate,0,NA,NA
mstR,0,NA,NA
normalr,0,NA,NA
bindrcpp,0,NA,NA
geofacet,1,docs.Rmd,1410
geofacet,1,rd.Rmd,35
phantom,0,NA,NA
SeqKat,1,vignette.Rmd,873
encode,0,NA,NA
productivity,0,NA,NA
SubTite,0,NA,NA
bairt,0,NA,NA
dfped,0,NA,NA
ssc,0,NA,NA
quotedargs,0,NA,NA
blob,0,NA,NA
interp,0,NA,NA
orthoDr,0,NA,NA
windfarmGA,0,NA,NA
DMRnet,0,NA,NA
sfdct,1,sfdct.Rmd,259
DPWeibull,0,NA,NA
GPGame,0,NA,NA
SetTest,0,NA,NA
AdapSamp,0,NA,NA
horserule,0,NA,NA
incR,1,incR_pipeline.Rmd,737
RNRCS,0,NA,NA
descriptr,1,descriptive-stats.Rmd,356
descriptr,1,distributions.Rmd,831
eventdataR,0,NA,NA
rarhsmm,0,NA,NA
gamRR,0,NA,NA
metScanR,0,NA,NA
RNAsmc,0,NA,NA
g2f,0,NA,NA
QuantTools,0,NA,NA
Rgb,0,NA,NA
datetime,0,NA,NA
splithalf,1,DPsplithalf-vignette.Rmd,1711
survidm,0,NA,NA
wpp2017,0,NA,NA
EthSEQ,1,EthSEQ.Rmd,683
metaviz,1,metaviz.Rmd,1282
MonteCarlo,1,MonteCarlo-Vignette.Rmd,3334
rdlocrand,0,NA,NA
adaptiveGPCA,1,adaptive_gpca_vignette.Rmd,1311
gfmR,1,gfmr.Rmd,385
patentsview,1,examples.Rmd,165
patentsview,1,getting-started.Rmd,1185
patentsview,1,writing-queries.Rmd,852
assignPOP,0,NA,NA
bindr,0,NA,NA
pacotest,0,NA,NA
xtractomatic,1,Usingxtractomatic.Rmd,4033
aniDom,0,NA,NA
gfer,0,NA,NA
widyr,1,intro.Rmd,335
widyr,1,united_nations.Rmd,314
datetimeutils,1,datetimeutils_examples.Rnw,127
Rcriticor,0,NA,NA
rmonad,1,introduction.Rmd,1148
sim1000G,1,SimulatingFamilyData.Rmd,553
cronR,1,cronR.Rmd,378
EpiILM,0,NA,NA
wgeesel,0,NA,NA
lime,1,Understanding_lime.Rmd,1429
anomalyDetection,1,Introduction.Rmd,1957
ACMEeqtl,1,ACMEeqtl.Rmd,475
KraljicMatrix,1,kraljic.Rmd,2023
origami,1,generalizedCV.Rmd,1334
robets,0,NA,NA
slickR,0,NA,NA
adeba,0,NA,NA
hansard,1,hansard-example.Rmd,510
RcmdrPlugin.aRnova,1,arnova.Rmd,995
tmcn,0,NA,NA
OpenML,0,NA,NA
rpostgisLT,1,data-model.Rmd,1012
rpostgisLT,1,use-cases.Rmd,1219
ashr,0,NA,NA
DoE.MIParray,0,NA,NA
fauxpas,0,NA,NA
GetITRData,1,gitrd-vignette-introduction.Rmd,805
ldhmm,0,NA,NA
idmTPreg,0,NA,NA
projector,0,NA,NA
worldmet,0,NA,NA
zenplots,1,intro.Rmd,3755
fuzzywuzzyR,0,NA,NA
photobiologyLamps,1,data-catalogue.Rmd,168
photobiologyLamps,1,user-guide.Rmd,424
rospca,0,NA,NA
nzpullover,0,NA,NA
Rcssplot,1,Rcssplot.Rnw,3630
rpgm,0,NA,NA
stoRy,1,vignette.Rnw,512
bea.R,0,NA,NA
CPBayes,1,cpbayes.Rmd,1763
multfisher,0,NA,NA
BEACH,0,NA,NA
lassopv,0,NA,NA
suncalc,0,NA,NA
VeryLargeIntegers,0,NA,NA
CircMLE,0,NA,NA
sNPLS,0,NA,NA
confSAM,1,confSAM.Rmd,1431
ratios,0,NA,NA
ggmuller,1,ggmuller.Rmd,923
PakPC2017,0,NA,NA
Brundle,0,NA,NA
clust.bin.pair,0,NA,NA
ratesci,0,NA,NA
EMMIXcskew,0,NA,NA
inferr,1,intro.Rmd,1492
mopa,0,NA,NA
Rilostat,0,NA,NA
revdbayes,1,revdbayes-vignette.Rmd,2678
swCRTdesign,0,NA,NA
tatoo,1,tatoo.Rmd,715
fivethirtyeight,1,bechdel.Rmd,687
fivethirtyeight,1,fivethirtyeight.Rmd,417
tidygraph,0,NA,NA
npcopTest,0,NA,NA
vote,0,NA,NA
adepro,0,NA,NA
OutliersO3,1,O3-vignette.Rmd,690
PTXQC,1,PTXQC-Basic_Guide_for_R_users.Rmd,294
PTXQC,1,PTXQC-CustomizeReport.Rmd,716
PTXQC,1,PTXQC-DragNDrop.Rmd,382
PTXQC,1,PTXQC-FAQ.Rmd,535
PTXQC,1,PTXQC-Input_And_Output_Data.Rmd,206
valuer,1,Introduction.Rmd,2184
MBC,0,NA,NA
multiApply,0,NA,NA
quantoptr,0,NA,NA
survivalsvm,0,NA,NA
aVirtualTwins,1,full-example.Rmd,1653
gk,0,NA,NA
pcev,1,pcev.Rnw,1126
ICSOutlier,0,NA,NA
pipeGS,0,NA,NA
SpaDES.addins,1,i-rstudio-addins.Rmd,191
cifti,0,NA,NA
gifti,1,Reading_GIFTI_Files.Rmd,176
modmarg,1,delta-method.Rmd,1670
modmarg,1,usage.Rmd,622
opticut,0,NA,NA
denoiSeq,1,denoiSeq-vignette.Rmd,1348
nlsr,1,FixedParameters.Rmd,719
nlsr,1,nlsr-derivs.Rmd,2378
nlsr,1,nlsr-devdoc.Rmd,4347
OOR,0,NA,NA
BeSS,0,NA,NA
ggQC,1,XbarR_HOTTO.Rmd,423
ggQC,1,XmR_HOWTO.Rmd,466
RBMRB,0,NA,NA
robustBLME,0,NA,NA
spatstat.local,0,NA,NA
tibbletime,0,NA,NA
atsd,1,atsd_package.Rmd,2211
ludic,0,NA,NA
phylotate,0,NA,NA
tRophicPosition,1,Multiple_model_calculation_of_trophic_position_in_R.Rmd,2057
tRophicPosition,1,Multiple_species_calculation_of_trophic_position_in_R.Rmd,1952
tRophicPosition,1,Short_guide_to_tRophicPosition.Rmd,1582
waver,0,NA,NA
clustRcompaR,1,introduction-to-clustRcompaR.Rmd,220
libsoc,0,NA,NA
zeallot,1,unpacking-assignment.Rmd,891
ANOVAreplication,0,NA,NA
bigtcr,0,NA,NA
kokudosuuchi,0,NA,NA
languagelayeR,0,NA,NA
censusr,1,censusr.Rmd,439
diagis,1,diagis.Rmd,587
finch,0,NA,NA
gradDescent,0,NA,NA
heims,0,NA,NA
datapasta,1,how-to-datapasta.Rmd,460
highlightHTML,1,the_basics.Rmd,399
TCIApathfinder,0,NA,NA
BibPlots,0,NA,NA
Xplortext,0,NA,NA
gLRTH,0,NA,NA
OmicsPLS,1,OmicsPLS_vignette.Rmd,667
pals,1,illusion.Rmd,206
pals,1,pals_examples.Rmd,1090
CreditRisk,0,NA,NA
LinkageMapView,0,NA,NA
nofrills,0,NA,NA
rMR,0,NA,NA
tropAlgebra,0,NA,NA
dat,1,Introduction.Rmd,492
dat,1,performance.Rmd,295
equSA,0,NA,NA
abjutils,0,NA,NA
lbreg,0,NA,NA
PSW,0,NA,NA
RNAseqNet,0,NA,NA
rrpack,0,NA,NA
canprot,1,basis_comparison.Rmd,282
canprot,1,colorectal.Rmd,1450
canprot,1,hyperosmotic.Rmd,372
canprot,1,hypoxia.Rmd,519
canprot,1,pancreatic.Rmd,458
canprot,1,potential_diagrams.Rmd,209
dtree,0,NA,NA
SMMA,0,NA,NA
mau,0,NA,NA
optimus,1,optimus-workflow.Rmd,1664
ROI.plugin.lpsolve,0,NA,NA
splashr,1,intro_to_splashr.Rmd,1447
splashr,1,splashr_helpers.Rmd,903
splashr,1,the_splashr_dsl.Rmd,558
easySdcTable,0,NA,NA
COMBAT,0,NA,NA
cordillera,0,NA,NA
photobiologyLEDs,1,data-catalogue.Rmd,174
photobiologyLEDs,1,user-guide.Rmd,424
Emcdf,0,NA,NA
preText,1,getting_started_with_preText.Rmd,1091
PRIMME,0,NA,NA
rSQM,1,rSQM-workflow.Rmd,1410
tsdf,1,my-vignette.Rmd,818
brant,0,NA,NA
IATScore,0,NA,NA
influxdbr,0,NA,NA
MultiRNG,0,NA,NA
RandPro,0,NA,NA
rFSA,0,NA,NA
UnivRNG,0,NA,NA
elevatr,1,introduction_to_elevatr.Rmd,1415
Rbgs,0,NA,NA
RGBM,0,NA,NA
univOutl,0,NA,NA
constants,0,NA,NA
csv,0,NA,NA
dynsbm,0,NA,NA
sgee,0,NA,NA
grove,0,NA,NA
fmbasics,1,basics.Rmd,273
fmbasics,1,rates.Rmd,183
MatManlyMix,0,NA,NA
fastrtext,1,list_commands.Rmd,187
fastrtext,1,supervised_learning.Rmd,103
fastrtext,1,unsupervised_learning.Rmd,59
fmdates,1,dates.Rmd,412
ipft,0,NA,NA
SparseDC,1,SparseDC.Rmd,1062
tidystringdist,1,Getting_started.Rmd,192
Biolinv,0,NA,NA
miRNAss,1,miRNAss.Rnw,493
naivebayes,0,NA,NA
sofa,1,query_tutorial.Rmd,238
sofa,1,sofa_vignette.Rmd,457
bhm,0,NA,NA
rxylib,0,NA,NA
widgetframe,1,Using_widgetframe.Rmd,267
msde,1,msde-exmodels.Rmd,413
msde,1,msde-quicktut.Rmd,2793
mudfold,0,NA,NA
AmesHousing,0,NA,NA
PKPDmisc,1,multiplot.Rmd,231
PKPDmisc,1,noncompartmental-analysis.Rmd,380
stringformattr,0,NA,NA
SyncRNG,0,NA,NA
zonator,1,zonator-project.Rmd,1412
zonator,1,zonator-results.Rmd,1372
cleanEHR,1,tour.Rmd,406
gofastr,0,NA,NA
BisRNA,0,NA,NA
clustEff,0,NA,NA
GMAC,0,NA,NA
elo,1,elo.Rmd,307
libcoin,0,NA,NA
corpus,0,NA,NA
inum,0,NA,NA
refset,0,NA,NA
parsemsf,1,introduction.Rmd,340
Inventorymodel,0,NA,NA
plotrr,0,NA,NA
mazeGen,0,NA,NA
mdw,0,NA,NA
networkGen,0,NA,NA
striprtf,0,NA,NA
xesreadR,0,NA,NA
EAinference,1,EAlasso.Rmd,695
harrietr,0,NA,NA
NestedCategBayesImpute,0,NA,NA
adapr,1,ADAPRVignette.Rmd,2585
goftte,0,NA,NA
passport,1,passport.Rmd,590
SASmarkdown,0,NA,NA
MUS,0,NA,NA
Dforest,0,NA,NA
phase1RMD,0,NA,NA
simEd,0,NA,NA
cctools,0,NA,NA
unitizer,1,unitizer_index.Rmd,121
unitizer,1,unitizer_interactive_env.Rmd,2371
unitizer,1,unitizer_miscellaneous.Rmd,1053
unitizer,1,unitizer_reproducible_tests.Rmd,1989
unitizer,1,unitizer_tests.Rmd,1215
unitizer,1,unitizer.Rmd,1266
CorporaCoCo,1,faq.Rnw,573
CorporaCoCo,1,proof_of_concept.Rnw,448
IDCard,0,NA,NA
MHTdiscrete,0,NA,NA
powdist,0,NA,NA
futility,1,bayesianIncidenceRateModel.Rnw,471
KMgene,0,NA,NA
LCF,0,NA,NA
ManifoldOptim,0,NA,NA
epicontacts,1,epicontacts_class.Rmd,565
epicontacts,1,epicontacts.Rmd,817
ICRanks,0,NA,NA
RcppHMM,0,NA,NA
RcppTN,1,speed.Rnw,609
RcppTN,1,using.Rnw,1316
AWR.Athena,0,NA,NA
wicket,1,Introduction.Rmd,511
easyAHP,0,NA,NA
xslt,0,NA,NA
gamreg,0,NA,NA
revgeo,0,NA,NA
spiderbar,0,NA,NA
sppmix,1,tutorials_link.Rmd,50
modest,0,NA,NA
ICCbin,0,NA,NA
dparser,0,NA,NA
StakeholderAnalysis,0,NA,NA
qboxplot,0,NA,NA
rsample,1,Basics.Rmd,338
rsample,1,Working_with_rsets.Rmd,1057
ThankYouStars,0,NA,NA
BatchMap,1,BatchMap.Rmd,1107
anocva,0,NA,NA
PdPDB,0,NA,NA
rGoodData,0,NA,NA
rLDCP,0,NA,NA
rODE,1,Comparison.Rmd,148
rODE,1,FallingParticle.Rmd,302
rODE,1,Kepler.Rmd,154
rODE,1,Pendulum.Rmd,216
rODE,1,Planet.Rmd,188
rODE,1,Projectile.Rmd,184
rODE,1,Reaction.Rmd,155
geojson,1,geojson-operations.Rmd,207
geojson,1,geojson.Rmd,152
epxToR,0,NA,NA
Diderot,0,NA,NA
RcppQuantuccia,0,NA,NA
ArCo,0,NA,NA
lplyr,1,lplyr-vignette.Rmd,157
Pstat,0,NA,NA
RJSplot,0,NA,NA
slowraker,1,faqs.Rmd,311
slowraker,1,getting-started.Rmd,464
infraFDTD.assist,0,NA,NA
MBHdesign,1,MBHdesign.Rnw,1271
phylocanvas,1,Advanced_Usage.Rmd,135
phylocanvas,1,Basic_Use.Rmd,184
rsurfer,0,NA,NA
coppeCosenzaR,0,NA,NA
vfcp,0,NA,NA
countyfloods,1,countyflood.Rmd,1797
FinAna,0,NA,NA
kaphom,0,NA,NA
meanr,0,NA,NA
routr,0,NA,NA
GerminaR,1,GerminaR.Rmd,462
WWR,0,NA,NA
cbar,1,quickstart.Rmd,193
MOEADr,0,NA,NA
MoLE,0,NA,NA
nspmix,0,NA,NA
optimization,0,NA,NA
EfficientMaxEigenpair,1,EfficientMaxEigenpair.Rmd,1664
MHCtools,0,NA,NA
WaveLetLongMemory,0,NA,NA
zFactor,1,ANN.Rmd,499
zFactor,1,Beggs-Brill.Rmd,567
zFactor,1,Dranchuk-AbouKassem.Rmd,808
zFactor,1,Dranchuk-Purvis-Robinson.Rmd,807
zFactor,1,Hall-Yarborough.Rmd,791
zFactor,1,Plot_StandingKatz_lp.Rmd,555
zFactor,1,shell.Rmd,502
zFactor,1,StandingKatz_chart.Rmd,908
debugme,0,NA,NA
docuSignr,0,NA,NA
groupdata2,1,description_of_groupdata2.Rmd,2824
groupdata2,1,introduction_to_groupdata2.Rmd,2010
oii,0,NA,NA
ROI.plugin.msbinlp,0,NA,NA
ROI.plugin.optimx,0,NA,NA
liteq,0,NA,NA
EasyMx,0,NA,NA
htm2txt,0,NA,NA
mafs,0,NA,NA
monoreg,0,NA,NA
LZeroSpikeInference,0,NA,NA
geomedb,0,NA,NA
sicegar,1,categorize_vignette.Rmd,359
sicegar,1,double_sigmoidal_vignette.Rmd,791
sicegar,1,figure_generation_vignette.Rmd,353
sicegar,1,linear_vignette.Rmd,627
sicegar,1,sigmoidal_vignette.Rmd,675
vennplot,0,NA,NA
GSMX,0,NA,NA
rucrdtw,1,using_rucrdtw.Rmd,544
curstatCI,1,curstatCI.Rmd,1319
icmm,0,NA,NA
iDINGO,0,NA,NA
HybridFS,0,NA,NA
brea,0,NA,NA
colf,1,colf.Rmd,864
RcppBlaze,0,NA,NA
Replicate,0,NA,NA
BMhyb,0,NA,NA
D3partitionR,0,NA,NA
editData,1,editData.Rmd,255
BaTFLED3D,0,NA,NA
BrownDog,0,NA,NA
DWLasso,0,NA,NA
DataEntry,0,NA,NA
proustr,0,NA,NA
confinterpret,0,NA,NA
additiveDEA,0,NA,NA
TSCS,0,NA,NA
msaR,1,msaR.Rmd,128
basictabler,1,v01-introduction.Rmd,1146
basictabler,1,v02-workingwithcells.Rmd,914
basictabler,1,v03-outputs.Rmd,590
basictabler,1,v04-styling.Rmd,1196
basictabler,1,v05-findingandformatting.Rmd,1760
basictabler,1,v06-shiny.Rmd,199
basictabler,1,v07-excelexport.Rmd,1278
msu,0,NA,NA
SimTimeVar,0,NA,NA
statsDK,1,Get_started_with_statsDK.Rmd,543
apercu,0,NA,NA
CHMM,0,NA,NA
MFKnockoffs,1,advanced.Rmd,364
MFKnockoffs,1,fixed.Rmd,201
MFKnockoffs,1,MFKnockoffs.Rmd,645
ArchaeoPhases,0,NA,NA
breakfast,0,NA,NA
glacierSMBM,0,NA,NA
isnullptr,0,NA,NA
pder,0,NA,NA
pifpaf,1,Introduction_to_pifpaf_package.Rmd,4465
ecoseries,0,NA,NA
EventStudy,1,addin_eventstudy.Rmd,26
EventStudy,1,introduction_eventstudy.Rmd,1017
EventStudy,1,parameters_eventstudy.Rmd,791
importar,0,NA,NA
kfda,0,NA,NA
LFDREmpiricalBayes,1,LFDREmpiricalBayes.Rnw,3545
tinyProject,0,NA,NA
BNPMIXcluster,0,NA,NA
coinmarketcapr,0,NA,NA
d3plus,0,NA,NA
econullnetr,1,econullnetr-intro.Rmd,3191
prioritylasso,1,prioritylasso_vignette.Rmd,1478
parlitools,1,introduction.Rmd,313
parlitools,1,using-cartograms.Rmd,206
leabRa,1,leabRa.Rmd,2533
mosaicModel,1,Basics.Rmd,2250
MRFA,0,NA,NA
OBMbpkg,0,NA,NA
RcmdrPlugin.sutteForecastR,0,NA,NA
regexSelect,0,NA,NA
USCF,0,NA,NA
brazilmaps,0,NA,NA
magicLamp,0,NA,NA
QLearning,0,NA,NA
rstansim,1,managing-results.Rmd,270
rstansim,1,model-fitting.Rmd,738
rstansim,1,reproducability.Rmd,103
rstansim,1,simulating_data.Rmd,570
rstansim,1,using-rstansim.Rmd,1686
softermax,1,exporting-xml.Rmd,128
cptec,0,NA,NA
ensemblepp,0,NA,NA
FDRSeg,0,NA,NA
ROI.plugin.clp,0,NA,NA
binaryGP,0,NA,NA
BMT,0,NA,NA
curvecomp,0,NA,NA
envDocument,1,envDocument-vignette.Rmd,153
EQUIVNONINF,0,NA,NA
fusionclust,1,demo-fusionclust.Rmd,154
gma,0,NA,NA
IGP,0,NA,NA
kpeaks,0,NA,NA
SiER,0,NA,NA
sure,0,NA,NA
BNSL,0,NA,NA
leafSTAR,0,NA,NA
mcMST,1,Generation.Rmd,372
mcMST,1,introduction.Rmd,172
tsgui,0,NA,NA
cytominer,1,cytominer-pipeline.Rmd,546
randnet,0,NA,NA
rbtt,0,NA,NA
SampleSize4ClinicalTrials,0,NA,NA
DES,0,NA,NA
googleComputeEngineR,1,creating-vms.Rmd,552
googleComputeEngineR,1,docker-ssh-futures.Rmd,742
googleComputeEngineR,1,example-workflows.Rmd,2124
googleComputeEngineR,1,installation-and-authentication.Rmd,354
MsdeParEst,0,NA,NA
wildcard,1,wildcard.Rmd,155
AurieLSHGaussian,0,NA,NA
CATTexact,0,NA,NA
gradientPickerD3,0,NA,NA
linemap,0,NA,NA
MFT,0,NA,NA
veccompare,0,NA,NA
CausalImpact,1,CausalImpact.Rmd,1765
causalMGM,0,NA,NA
glassdoor,1,running-glassdoor.Rmd,241
ADPF,0,NA,NA
auto.pca,0,NA,NA
DCD,0,NA,NA
medmod,0,NA,NA
PredPsych,0,NA,NA
unifDAG,1,unifDAG-vignette.Rnw,540
GauPro,0,NA,NA
nos,0,NA,NA
opendotaR,0,NA,NA
sutteForecastR,0,NA,NA
yuimaGUI,0,NA,NA
MTSYS,0,NA,NA
CARS,1,Vignette.Rmd,219
fecR,1,calculating_fishing_effort.Rmd,1440
fecR,1,checking_data.Rmd,1874
GeoMongo,1,the_GeoMongo_package.Rmd,1302
RTaxometrics,0,NA,NA
distrr,0,NA,NA
repurrrsive,0,NA,NA
SMM,1,SMM.Rnw,5751
AWR,0,NA,NA
Bios2cor,0,NA,NA
cprr,0,NA,NA
mapReasy,0,NA,NA
modelwordcloud,0,NA,NA
multilaterals,0,NA,NA
PakPMICS2014Ch,0,NA,NA
PakPMICS2014HH,0,NA,NA
PakPMICS2014HL,0,NA,NA
PakPMICS2014Wm,0,NA,NA
unjoin,0,NA,NA
csabounds,0,NA,NA
FactorsR,0,NA,NA
madrat,0,NA,NA
Ohit,0,NA,NA
TNC,0,NA,NA
UdderQuarterInfectionData,0,NA,NA
FuzzyNumbers.Ext.2,0,NA,NA
graphql,0,NA,NA
RcextTools,0,NA,NA
VDSPCalibration,0,NA,NA
billboard,0,NA,NA
BosonSampling,0,NA,NA
cbanalysis,0,NA,NA
dplyrAssist,1,dplyrAssist.Rmd,142
freqdom.fda,0,NA,NA
re2r,1,re2r-intro.Rmd,594
re2r,1,re2r-syntax.Rmd,1676
RGeode,0,NA,NA
threshr,1,threshr-vignette.Rmd,909
alphavantager,0,NA,NA
doubcens,0,NA,NA
pcdpca,0,NA,NA
ShinyImage,1,SI.Rmd,633
AlphaVantageClient,1,AlphaVantageClient.Rmd,34
BinarybalancedCut,0,NA,NA
afpt,1,afpt-aerodynamic-model.Rmd,1618
afpt,1,afpt-basic-usage.Rmd,1231
afpt,1,afpt-multiple-birds.Rmd,472
cr17,1,vignette.Rmd,1197
DelayedEffect.Design,0,NA,NA
EcoIndR,0,NA,NA
Inflation,0,NA,NA
jaod,0,NA,NA
rDotNet,0,NA,NA
ari,0,NA,NA
cdparcoord,1,cdparcoord.Rmd,2111
npphen,0,NA,NA
wktmo,0,NA,NA
cenGAM,0,NA,NA
deltar,0,NA,NA
seedCCA,0,NA,NA
ebmc,0,NA,NA
FPV,0,NA,NA
LowWAFOMSobol,1,lowWAFOMSobol.Rmd,212
mcompanion,0,NA,NA
MTE,0,NA,NA
nomogramEx,0,NA,NA
PeriodicTable,0,NA,NA
sensitivitymult,0,NA,NA
caffsim,0,NA,NA
ccmm,0,NA,NA
dmutate,0,NA,NA
PSIMEX,1,PSIMEXvignette.Rnw,710
SpatialEpiApp,0,NA,NA
LowWAFOMNX,1,lowWAFOMNX.Rmd,212
prcr,1,introduction_to_prcr.Rmd,208
accSDA,0,NA,NA
Ecohydmod,0,NA,NA
mExplorer,0,NA,NA
multdyn,0,NA,NA
noncomplyR,1,noncomplyR.Rmd,1045
Strategy,1,Strategy.Rmd,147
ActiveDriver,0,NA,NA
genepop,0,NA,NA
kntnr,0,NA,NA
macc,0,NA,NA
ConfigParser,0,NA,NA
esreg,0,NA,NA
R2DGC,1,R2DGC.Rmd,4715
simpleCache,1,clusterCaches.Rmd,232
simpleCache,1,sharingCaches.Rmd,128
simpleCache,1,simpleCacheIntroduction.Rmd,1090
SLICER,1,SLICER.Rmd,345
STARTdesign,0,NA,NA
Wrapped,0,NA,NA
InfoTrad,0,NA,NA
ircor,0,NA,NA
GRCdata,0,NA,NA
happybiRthday,1,happybirthday.Rmd,41
ccRemover,1,ccRemover_tutorial.Rmd,1649
sasMap,0,NA,NA
CompDist,0,NA,NA
forwards,1,Overview.Rmd,944
gamCopula,0,NA,NA
AssayCorrector,0,NA,NA
atlantistools,1,model-calibration-species.Rmd,156
atlantistools,1,model-calibration.Rmd,648
atlantistools,1,model-comparison.Rmd,231
atlantistools,1,model-preprocess.Rmd,729
atlantistools,1,package-demo.Rmd,1359
IceCast,1,biasCorrectDemo.Rmd,2170
ggquiver,0,NA,NA
GrpString,0,NA,NA
LBSPR,1,LBSPR.Rmd,2030
PeakSegDP,0,NA,NA
samon,0,NA,NA
SorptionAnalysis,0,NA,NA
CIplot,0,NA,NA
ConfoundedMeta,0,NA,NA
fastJT,1,fastJT.Rnw,927
lmmen,0,NA,NA
tsiR,0,NA,NA
rdpla,1,rdpla_vignette.Rmd,752
rdpla,1,use_case_churches.Rmd,261
dataMeta,1,dataMeta_Vignette.Rmd,956
IAbin,1,vignette-IAbin.md,684
IAbin,1,vignette-IAbin.Rmd,677
rasterList,0,NA,NA
rcv,0,NA,NA
valaddin,1,valaddin.Rmd,1361
vanddraabe,1,vanddraabe_vignettes.Rmd,54
vocaldia,0,NA,NA
GEint,1,GEint_example.Rmd,757
IPMRF,0,NA,NA
poker,0,NA,NA
PsyControl,0,NA,NA
kangar00,1,kangar00-vignette.Rmd,1709
OHPL,0,NA,NA
blink,1,introEBLink.Rmd,628
default,0,NA,NA
multiCA,0,NA,NA
permGS,0,NA,NA
statesRcontiguous,1,contiguous-us-maps.Rmd,157
restfulr,0,NA,NA
ggversa,0,NA,NA
italy,0,NA,NA
equaltestMI,1,Supplementary_Materials.Rmd,677
GFA,0,NA,NA
metaBMA,1,metaBMA.Rmd,485
RcppXPtrUtils,0,NA,NA
soilcarbon,1,launch_shiny.Rmd,27
SpatialAcc,0,NA,NA
banR,1,geocode.Rmd,268
cranlike,0,NA,NA
echogram,0,NA,NA
EMAtools,0,NA,NA
ggsignif,1,intro.Rmd,225
lmmpar,0,NA,NA
multistate,0,NA,NA
rddensity,0,NA,NA
svenssonm,0,NA,NA
ambhasGW,0,NA,NA
GreedyEPL,0,NA,NA
IrishDirectorates,0,NA,NA
MixtureRegLTIC,0,NA,NA
rtimicropem,1,chai_data_cleaning.Rmd,977
rtimicropem,1,vignette_ammon.Rmd,762
subgroup.discovery,0,NA,NA
tbl2xts,1,tbl2xts_vignette.Rmd,365
ThermIndex,0,NA,NA
dejaVu,1,analysingExistingDatasets.Rnw,827
dejaVu,1,UserGuide.Rnw,2403
DoEstRare,0,NA,NA
fasjem,0,NA,NA
glmnetUtils,0,NA,NA
kpmt,0,NA,NA
structree,1,examples_fixed.Rmd,318
nonlinearICP,0,NA,NA
fChange,0,NA,NA
rclipboard,0,NA,NA
RkMetrics,0,NA,NA
CDVineCopulaConditional,0,NA,NA
mmtsne,0,NA,NA
lsplsGlm,0,NA,NA
mosaicCalc,0,NA,NA
optiSolve,0,NA,NA
iRF,0,NA,NA
maxTPR,0,NA,NA
unrepx,1,overview.Rmd,806
bayeslongitudinal,0,NA,NA
concaveman,0,NA,NA
ggseqlogo,1,ggseqlogo_introduction.Rmd,37
MRTSampleSize,0,NA,NA
PowerNormal,0,NA,NA
seqICP,0,NA,NA
sidrar,1,Introduction_to_sidrar.Rmd,337
GGEBiplots,0,NA,NA
pcensmix,0,NA,NA
c2c,1,c2c-workflow.Rmd,635
geoGAM,0,NA,NA
dsmodels,0,NA,NA
prisonbrief,0,NA,NA
vcov,0,NA,NA
spNNGP,0,NA,NA
DCA,0,NA,NA
BayesianGLasso,0,NA,NA
FastSF,0,NA,NA
harmonicmeanp,0,NA,NA
ivregEX,0,NA,NA
liquidSVM,1,demo.Rmd,2311
liquidSVM,1,documentation.Rmd,901
OBRE,0,NA,NA
scifigure,1,Visualizing_Scientific_Replication.Rmd,341
diffpriv,1,bernstein.Rnw,1106
diffpriv,1,diffpriv.Rnw,1510
social,0,NA,NA
brlrmr,0,NA,NA
Census2016,1,Census2016.Rmd,410
cnbdistr,1,my-vignette.Rmd,507
ercv,0,NA,NA
flexsurvcure,1,flexsurvcure.Rmd,211
fragilityindex,0,NA,NA
LCox,0,NA,NA
sergeant,0,NA,NA
gh,0,NA,NA
llogistic,0,NA,NA
senstrat,0,NA,NA
centiserve,0,NA,NA
docker,1,Getting_Started_with_Docker.Rmd,501
DrImpute,1,DrImpute.Rmd,239
randomForestExplainer,1,randomForestExplainer.Rmd,2238
spongecake,0,NA,NA
tetraclasse,0,NA,NA
TSF,0,NA,NA
credsubs,0,NA,NA
geotoolsR,0,NA,NA
interfr,0,NA,NA
noaastormevents,1,details.Rmd,4582
noaastormevents,1,noaastormevents.Rmd,1740
facebook.S4,0,NA,NA
interim,0,NA,NA
integIRTy,1,integIRTy.Rnw,1297
NameNeedle,1,blastName.Rnw,830
roots,1,roots.Rmd,161
AutoDeskR,1,AutoDeskR.Rmd,948
dGAselID,0,NA,NA
FUNLDA,0,NA,NA
netcom,0,NA,NA
oompaData,0,NA,NA
PoloniexR,0,NA,NA
SFS,0,NA,NA
decomposedPSF,1,decomposedPSF-vignette.Rmd,25
fcm,1,vignettes.Rmd,981
lpdensity,0,NA,NA
mthapower,0,NA,NA
postlightmercury,0,NA,NA
fcuk,1,fcuk.Rmd,208
ggplotgui,0,NA,NA
l1kdeconv,0,NA,NA
mixlink,0,NA,NA
waccR,1,Calculate_WACC_in_R.Rmd,143
BNPMediation,0,NA,NA
SobolSequence,1,sobolsequence.Rmd,75
textile,0,NA,NA
Autoplotprotein,0,NA,NA
correlbinom,0,NA,NA
ggChernoff,0,NA,NA
mandelbrot,0,NA,NA
Robocoap,0,NA,NA
assocInd,0,NA,NA
awspack,0,NA,NA
catSurv,0,NA,NA
coxphSGD,0,NA,NA
midas,0,NA,NA
numGen,0,NA,NA
SuperGauss,1,SuperGauss-quicktut.Rmd,848
aws.cloudtrail,0,NA,NA
aws.sns,0,NA,NA
aws.sqs,0,NA,NA
cepR,0,NA,NA
SSM,1,SSM.Rmd,1000
wql,1,wql-package.Rmd,3063
aurelius,1,basic-usage.Rmd,127
aurelius,1,migration-to-new-syntax.Rmd,967
ecolottery,1,Barro_Colorado.Rmd,828
ecolottery,1,coalesc_vignette.Rmd,1840
mnis,1,introduction.Rmd,329
autoBagging,0,NA,NA
aws.lambda,0,NA,NA
geoSpectral,0,NA,NA
hurdlr,0,NA,NA
kgschart,0,NA,NA
quickregression,0,NA,NA
rsoi,0,NA,NA
aws.iam,0,NA,NA
fence,0,NA,NA
hbdct,0,NA,NA
MicroMacroMultilevel,0,NA,NA
SkyWatchr,0,NA,NA
BiBitR,0,NA,NA
hhh4contacts,0,NA,NA
scpm,0,NA,NA
StratifiedRF,0,NA,NA
BradleyTerryScalable,1,BradleyTerryScalable.Rmd,2091
gsloid,1,Introduction.Rmd,535
kazaam,1,kazaam.Rnw,2174
My.stepwise,0,NA,NA
pinnacle.data,0,NA,NA
assertable,1,assertion_template.Rmd,347
assertable,1,data_assertion_intro.Rmd,1027
assertable,1,file_assertion_intro.Rmd,383
ExpRep,0,NA,NA
ForecastFramework,1,ClassDiagram.Rnw,1332
ForecastFramework,1,DataPolymorphism.Rmd,264
ForecastFramework,1,Forecasting.Rmd,753
ForecastFramework,1,SpatialPrediction.Rmd,1074
goldi,1,overexpression-analysis.Rmd,335
goldi,1,quick-start.Rmd,485
ppcc,0,NA,NA
SFtools,0,NA,NA
sparsio,0,NA,NA
FSTpackage,0,NA,NA
gmediation,1,gmediate.Rmd,1192
NCSampling,0,NA,NA
Opportunistic,0,NA,NA
otrimle,0,NA,NA
BayesTwin,0,NA,NA
CRANsearcher,0,NA,NA
intRvals,0,NA,NA
plater,1,plater-basics.Rmd,1004
pltesim,0,NA,NA
rattle.data,0,NA,NA
twfy,1,twfy.Rmd,202
net.security,0,NA,NA
tidygenomics,1,intro.Rmd,430
DZEXPM,0,NA,NA
MultiSkew,0,NA,NA
BCgee,0,NA,NA
corset,0,NA,NA
JumpTest,1,JumpTest.Rmd,235
m2r,0,NA,NA
mljar,0,NA,NA
nlsrk,0,NA,NA
SCAT,0,NA,NA
MOQA,0,NA,NA
rMouse,1,rMouseVignette.Rmd,362
rrcov3way,0,NA,NA
swapClass,0,NA,NA
ftDK,0,NA,NA
anchoredDistr,1,anchoredDistr.Rmd,823
mssqlR,0,NA,NA
POMaSPU,0,NA,NA
rematch2,0,NA,NA
RLeafAngle,0,NA,NA
taxizedb,0,NA,NA
ukbabynames,0,NA,NA
clinPK,0,NA,NA
namedCapture,0,NA,NA
PeakError,0,NA,NA
sfadv,0,NA,NA
forecastSNSTS,0,NA,NA
processmonitR,0,NA,NA
ECFsup,0,NA,NA
secret,1,secrets.Rmd,20
CityWaterBalance,1,CityWaterBalance_vignette.Rmd,731
phenopix,0,NA,NA
baseballDBR,1,Database_Tools.Rmd,466
baseballDBR,1,FIP.Rmd,367
baseballDBR,1,wOBA.Rmd,674
baseballDBR,1,wRAA_wRC.Rmd,369
dataverse,1,A-introduction.Rmd,543
dataverse,1,B-search.Rmd,473
dataverse,1,C-retrieval.Rmd,711
dataverse,1,D-archiving.Rmd,207
GeoRange,0,NA,NA
mccr,0,NA,NA
pleiades,1,pleiades_vignette.Rmd,965
zooaRchGUI,0,NA,NA
nscprepr,0,NA,NA
ZIBseq,0,NA,NA
d3Tree,0,NA,NA
argon2,0,NA,NA
patternator,0,NA,NA
SanFranBeachWater,0,NA,NA
standardize,1,using-standardize.Rmd,2745
featurizer,0,NA,NA
orderstats,0,NA,NA
colorpatch,1,introduction.Rmd,501
soptdmaeA,0,NA,NA
frequencies,0,NA,NA
getmstatistic,1,getmstatistic-tutorial.md,760
getmstatistic,1,getmstatistic-tutorial.Rmd,772
mixEMM,0,NA,NA
Risk,0,NA,NA
xsp,0,NA,NA
gqlr,0,NA,NA
iNOTE,0,NA,NA
BAYESDEF,0,NA,NA
bdlp,1,bdlp.Rmd,1230
covfefe,0,NA,NA
gamlssbssn,0,NA,NA
gghalfnorm,0,NA,NA
HDCI,0,NA,NA
iadf,1,falsering-proportion.Rmd,513
piton,0,NA,NA
pwrAB,0,NA,NA
rpst,0,NA,NA
themetagenomics,1,functional_prediction.Rmd,622
themetagenomics,1,thematic_structure.Rmd,2560
zstdr,0,NA,NA
capn,0,NA,NA
imaginator,1,FunctionHelpers.Rmd,154
imaginator,1,SimulateClaims.Rmd,425
imaginator,1,SimulatePolicies.Rmd,621
ck37r,0,NA,NA
eesim,1,eesim.Rmd,5221
glmertree,1,glmertree.Rnw,1191
KRMM,0,NA,NA
NB.MClust,0,NA,NA
hypersampleplan,0,NA,NA
logOfGamma,0,NA,NA
webglobe,1,webglobe.Rmd,508
kerasR,1,introduction.Rmd,1818
QPBoot,0,NA,NA
baitmet,0,NA,NA
difconet,0,NA,NA
ElastH,1,ElastH.Rnw,2107
ids,1,ids.Rmd,703
ImaginR,0,NA,NA
logistic4p,0,NA,NA
pencopulaCond,0,NA,NA
mdpeer,1,Introduction_and_usage_examples.Rmd,1461
DDM,0,NA,NA
dfCompare,0,NA,NA
phrasemachine,1,getting_started_with_phrasemachine.Rmd,656
here,0,NA,NA
SmartSVA,0,NA,NA
didrooRFM,0,NA,NA
polypoly,1,overview.Rmd,677
SeerMapper,0,NA,NA
stratvns,0,NA,NA
CharFun,0,NA,NA
stratbr,0,NA,NA
tictactoe,0,NA,NA
apng,0,NA,NA
rdoxygen,0,NA,NA
timelineR,1,plot_timeline.Rmd,1109
TriadSim,1,TriadSim.Rmd,1303
lans2r,1,lans2r-calculate.Rmd,492
lans2r,1,lans2r-hmr.Rmd,96
lans2r,1,lans2r.Rmd,677
wally,0,NA,NA
RHPCBenchmark,1,vignette.Rmd,2426
RNAstructureModuleMiner,0,NA,NA
ROI.models.miplib,0,NA,NA
rpatrec,1,Dissertation.Rmd,1034
rpatrec,1,Dissertation2.Rmd,171
xLLiM,0,NA,NA
Rd2md,1,Introduction.Rmd,120
sotu,0,NA,NA
NPMOD,0,NA,NA
AHMbook,0,NA,NA
CATT,0,NA,NA
checkarg,0,NA,NA
kdevine,0,NA,NA
numKM,0,NA,NA
poisbinom,0,NA,NA
printr,1,printr.Rmd,546
GUIgems,0,NA,NA
easyNCDF,0,NA,NA
zeligverse,0,NA,NA
ExcessMass,0,NA,NA
PROscorer,1,instrument-descriptions.Rmd,1570
PROscorer,1,intro-to-proscorer.Rmd,1274
rif,1,rif_vignette.Rmd,200
PairwiseD,0,NA,NA
PROscorerTools,1,Intro_to_PROscorerTools.Rmd,969
slim,1,slim.Rmd,788
gomms,0,NA,NA
GEEmediate,0,NA,NA
learnrbook,1,installation.Rmd,434
mbgraphic,1,vignette.Rmd,916
diffMeshGP,0,NA,NA
EpistemicGameTheory,0,NA,NA
fastTextR,0,NA,NA
iGSEA,0,NA,NA
jocre,0,NA,NA
lifelogr,1,summary.Rmd,1012
lifelogr,1,vignette_viz.Rmd,187
shinycssloaders,0,NA,NA
sinib,0,NA,NA
usedist,0,NA,NA
iECAT,1,iECAT.Rnw,388
lhmixr,0,NA,NA
pawls,0,NA,NA
WebGestaltR,1,WebGestaltR.Rnw,2528
lindia,0,NA,NA
lsasim,0,NA,NA
outbreaks,0,NA,NA
qrsvm,0,NA,NA
AcuityView,0,NA,NA
plotprotein,0,NA,NA
IndianTaxCalc,0,NA,NA
RPEXE.RPEXT,1,RPEXE.RPEXT.Rmd,693
PROreg,0,NA,NA
pwr2,0,NA,NA
cowbell,1,cowbell.Rmd,573
crunchy,0,NA,NA
ContourFunctions,1,Introduction_to_the_cf_R_package.Rmd,590
DataGraph,0,NA,NA
idar,0,NA,NA
seasonalview,0,NA,NA
kmcudaR,0,NA,NA
m2b,1,tutorial.Rmd,1364
qrmix,0,NA,NA
discord,0,NA,NA
dsrTest,0,NA,NA
KSEAapp,1,Overview.Rmd,1302
mut,0,NA,NA
ncdump,0,NA,NA
onehot,0,NA,NA
angstroms,0,NA,NA
EML,1,creating-EML.Rmd,2262
EML,1,metadata-repositories.Rmd,330
EML,1,parsing-EML.Rmd,375
EML,1,working-with-units.Rmd,973
MHTmult,0,NA,NA
MetaboList,0,NA,NA
pafdR,1,pafdR-vignette.Rmd,208
SPADAR,0,NA,NA
ChocoLattes,0,NA,NA
dataseries,0,NA,NA
mockr,0,NA,NA
casebase,1,competingRisk.Rmd,1034
casebase,1,popTime.Rmd,1305
casebase,1,smoothHazard.Rmd,1073
gsrsb,0,NA,NA
WikidataQueryServiceR,0,NA,NA
aSPC,0,NA,NA
mstherm,1,mstherm.Rmd,1211
bulletr,0,NA,NA
coxphMIC,0,NA,NA
md.log,0,NA,NA
censCov,0,NA,NA
RandMeta,0,NA,NA
zip,0,NA,NA
ajv,1,getting-started.Rmd,156
BarBorGradient,0,NA,NA
ider,0,NA,NA
nonpar,0,NA,NA
ring,1,ring_applications.Rmd,392
ring,1,ring.Rmd,1831
selectapref,0,NA,NA
startR,0,NA,NA
chemmodlab,0,NA,NA
CrossScreening,0,NA,NA
KENDL,0,NA,NA
RpeakChrom,0,NA,NA
SADISA,1,demo.Rmd,646
simMP,0,NA,NA
statGraph,0,NA,NA
unix,0,NA,NA
PortfolioOptim,0,NA,NA
PCADSC,0,NA,NA
yarrr,1,guide.Rmd,188
yarrr,1,piratepal.Rmd,365
yarrr,1,pirateplot.Rmd,645
icosa,1,icosaIntro.Rmd,4835
TSGSIS,0,NA,NA
uqr,0,NA,NA
WLreg,0,NA,NA
mro,0,NA,NA
complexity,0,NA,NA
bayesCL,0,NA,NA
SeerMapper2010East,0,NA,NA
SeerMapper2010West,0,NA,NA
StatPerMeCo,0,NA,NA
thankr,0,NA,NA
fpest,0,NA,NA
nopaco,0,NA,NA
R2ucare,1,vignette_R2ucare.Rmd,774
SeerMapper2010Regs,0,NA,NA
spec,0,NA,NA
Tnseq,0,NA,NA
tubern,1,basic_tubern.Rmd,144
wrangle,0,NA,NA
marcher,1,marcher.Rmd,2671
optrcdmaeAT,0,NA,NA
SeerMapperEast,0,NA,NA
SeerMapperWest,0,NA,NA
fastqcr,0,NA,NA
GADAG,0,NA,NA
GLIDE,1,GLIDE.Rnw,588
D3GB,1,D3GB.Rmd,464
lspline,1,lspline.Rmd,326
SeerMapperRegs,0,NA,NA
mRchmadness,1,summary.Rmd,740
skeletor,0,NA,NA
duckduckr,0,NA,NA
IMTest,1,IMT-vignette.Rmd,332
MedDietCalc,1,vignette.Rmd,2779
micEconIndex,0,NA,NA
secure,0,NA,NA
sylcount,0,NA,NA
classifierplots,0,NA,NA
CoFRA,1,CoFRA.Rmd,439
eshrink,0,NA,NA
zfa,0,NA,NA
HYRISK,0,NA,NA
TSMN,0,NA,NA
afmToolkit,0,NA,NA
groupsubsetselection,0,NA,NA
nlshelper,0,NA,NA
vesselr,0,NA,NA
xbreed,1,xbreedvignette.Rmd,3398
xyz,1,xyz-vignette.Rmd,334
enrichR,1,enrichR.Rmd,140
medicare,1,cost-report-analysis.Rmd,963
medicare,1,provider_of_service_naming.Rmd,355
grapes,1,grapes.Rmd,215
InterfaceqPCR,0,NA,NA
SARP.moodle,0,NA,NA
tensorr,1,introduction.Rmd,1453
aptg,1,aptg.Rmd,243
focusedMDS,0,NA,NA
kscons,0,NA,NA
optim.functions,0,NA,NA
BLModel,0,NA,NA
fam2r,0,NA,NA
metavcov,0,NA,NA
moezipfR,0,NA,NA
patternize,0,NA,NA
tilegramsR,1,UsingTilegramsInR.Rmd,251
tsqn,0,NA,NA
itan,0,NA,NA
shinyHeatmaply,0,NA,NA
NetworkRiskMeasures,0,NA,NA
slimrec,0,NA,NA
TeachBayes,1,beta_example.Rmd,247
TeachBayes,1,spinner_example.Rmd,205
TeachBayes,1,teachbayes_intro.Rmd,404
TeachBayes,1,two_proportions.Rmd,108
vortexRdata,0,NA,NA
docstring,1,docstring_intro.Rmd,983
IPWsurvival,0,NA,NA
PCFAM,1,Vignette.Rnw,277
affluenceIndex,0,NA,NA
summariser,0,NA,NA
tsxtreme,0,NA,NA
CVR,0,NA,NA
pathmapping,0,NA,NA
xlsimple,0,NA,NA
FMC,0,NA,NA
gpg,1,intro.Rmd,1132
orgutils,1,orgutils_examples.Rnw,200
rnaturalearth,1,rnaturalearth.Rmd,311
rnaturalearth,1,what-is-a-country.Rmd,372
rolr,0,NA,NA
stmgp,0,NA,NA
EstimateGroupNetwork,0,NA,NA
Rvoterdistance,0,NA,NA
shinyShortcut,0,NA,NA
OSCV,0,NA,NA
BASS,0,NA,NA
BCSub,0,NA,NA
CNull,0,NA,NA
FlexDir,0,NA,NA
RankingProject,1,intro.Rmd,1178
RankingProject,1,primer.Rmd,703
rolypoly,1,intro.Rmd,813
gee4,0,NA,NA
gatepoints,1,gatepoints.Rmd,174
outreg,0,NA,NA
collpcm,0,NA,NA
radmixture,1,introduction.Rmd,169
cmpprocess,0,NA,NA
iNextPD,1,Introduction.Rmd,2515
rdataretriever,0,NA,NA
HoRM,0,NA,NA
SigOptR,0,NA,NA
CONS,0,NA,NA
iSDM,0,NA,NA
SymTS,0,NA,NA
VertexSort,0,NA,NA
badger,0,NA,NA
BCellMA,0,NA,NA
NHLData,0,NA,NA
readOffice,0,NA,NA
cpr,1,cpr-pkg.Rmd,972
otinference,0,NA,NA
remindR,1,remindR_vignette.Rmd,1012
edarf,1,edarf.Rmd,619
funchir,0,NA,NA
gt4ireval,1,gt4ireval.Rmd,770
MLID,1,MLID.Rmd,2929
twilio,0,NA,NA
VarED,0,NA,NA
CPsurv,0,NA,NA
SubgrpID,0,NA,NA
CensSpatial,0,NA,NA
cghRA,0,NA,NA
Dpit,0,NA,NA
cropdatape,0,NA,NA
fitplc,0,NA,NA
gaiah,0,NA,NA
WPKDE,0,NA,NA
DiffNet,0,NA,NA
rcc,0,NA,NA
dirmcmc,1,dirmcmc_vignette.Rnw,312
extdplyr,0,NA,NA
fontHind,1,Using_fontHind.Rmd,154
fontMPlus,1,Using_fontMPlus.Rmd,298
gbts,0,NA,NA
leafletCN,0,NA,NA
misreport,0,NA,NA
automagic,0,NA,NA
AWR.Kinesis,0,NA,NA
betacal,0,NA,NA
ccafs,1,amazon_s3_keys.Rmd,150
ccafs,1,ccafs_vignette.Rmd,578
europop,0,NA,NA
som.nn,0,NA,NA
TAR,0,NA,NA
EnviroPRA,0,NA,NA
InvasionCorrection,0,NA,NA
naptime,1,naptime.Rmd,307
neighbr,1,neighbr-help.Rmd,888
prefeR,1,mtcars.Rmd,379
robustarima,0,NA,NA
BayesSpec,0,NA,NA
BCC1997,0,NA,NA
bsearchtools,0,NA,NA
DecorateR,0,NA,NA
lclGWAS,1,lclGWAS.Rnw,468
mle.tools,0,NA,NA
rnaturalearthdata,0,NA,NA
stdvectors,0,NA,NA
AWR.KMS,0,NA,NA
BayesFM,0,NA,NA
colorr,0,NA,NA
fileplyr,0,NA,NA
gMOIP,0,NA,NA
GSparO,0,NA,NA
upmfit,1,upm-primer.Rmd,1709
educineq,0,NA,NA
keyringr,0,NA,NA
marinespeed,1,quickstart.Rmd,434
opusminer,0,NA,NA
rope,1,intro.Rmd,548
spdownscale,0,NA,NA
ubeR,0,NA,NA
condir,1,condir-examples.Rmd,327
velociraptr,0,NA,NA
warpMix,0,NA,NA
dgodata,0,NA,NA
eefAnalytics,0,NA,NA
paperplanes,0,NA,NA
rapiclient,0,NA,NA
HRQoL,0,NA,NA
maxnet,0,NA,NA
optbdmaeAT,0,NA,NA
BayesCombo,1,BayesCombo_vignette.Rmd,2219
FuzzyStatTra,0,NA,NA
OCA,0,NA,NA
GPB,0,NA,NA
cbird,0,NA,NA
mdftracks,0,NA,NA
QuantileGradeR,0,NA,NA
samplingDataCRT,1,my-vignette.Rnw,3825
SMLoutliers,0,NA,NA
mbrglm,0,NA,NA
flippant,0,NA,NA
superheat,0,NA,NA
moveWindSpeed,1,estimatingWindSpeed.Rmd,471
mpe,1,mpe.Rmd,2084
readHAC,0,NA,NA
SignifReg,0,NA,NA
EnsCat,0,NA,NA
ShinyTester,0,NA,NA
sonify,0,NA,NA
ssmsn,0,NA,NA
iBST,0,NA,NA
flood,0,NA,NA
inspectr,1,data-checks.Rmd,693
observer,1,observer-vignette.Rmd,112
poio,0,NA,NA
alphabetr,1,alphabetr-vignette.Rmd,2663
gbp,1,gbp-vignette.Rmd,1938
hurricaneexposure,1,hurricaneexposure.Rmd,3138
tracer,0,NA,NA
LumReader,0,NA,NA
sparsestep,0,NA,NA
BayesPieceHazSelect,0,NA,NA
eclust,1,eclust.Rmd,2010
nparsurv,0,NA,NA
mutSignatures,0,NA,NA
NORMA,0,NA,NA
powerEQTL,0,NA,NA
rKIN,1,rKIN_Introduction.Rmd,580
simpleSetup,0,NA,NA
chi2x3way,0,NA,NA
skm,1,skm-vignettes.Rmd,1740
ICV,0,NA,NA
intrval,0,NA,NA
kpcalg,1,kpcalg_tutorial.Rnw,532
mglR,1,mglR-vignette.Rmd,2240
SOFIA,0,NA,NA
tea,0,NA,NA
teda,0,NA,NA
rcure,0,NA,NA
testforDEP,0,NA,NA
bytescircle,1,bytescircle.Rmd,815
caesar,0,NA,NA
cleanr,1,cleanr_Introduction.Rmd,460
conditions,0,NA,NA
bayesianETAS,0,NA,NA
rCAT,0,NA,NA
cumstats,0,NA,NA
maxmatching,0,NA,NA
PoSI,0,NA,NA
InfiniumPurify,0,NA,NA
rwars,1,rwars.Rmd,315
GeneClusterNet,0,NA,NA
SADEG,0,NA,NA
sparkwarc,0,NA,NA
EBrank,0,NA,NA
rld,0,NA,NA
zTree,0,NA,NA
esmisc,0,NA,NA
NetWeaver,0,NA,NA
QRank,0,NA,NA
BoolFilter,1,BoolFilter.Rnw,2198
esaddle,1,esaddle.Rmd,538
rjsonapi,0,NA,NA
sysid,0,NA,NA
BivRegBLS,0,NA,NA
fabCI,0,NA,NA
ltxsparklines,1,ltxsparklines.Rnw,124
Plasmidprofiler,0,NA,NA
semver,1,basics.Rmd,331
crisp,0,NA,NA
FixSeqMTP,0,NA,NA
requireR,1,requireR.Rmd,161
dSVA,0,NA,NA
HeritSeq,0,NA,NA
minimalRSD,0,NA,NA
Partiallyoverlapping,0,NA,NA
pwt9,0,NA,NA
Redmonder,0,NA,NA
tsdecomp,1,tsdecomp-intro.Rnw,90
TSeriesMMA,0,NA,NA
colr,1,colr.Rmd,1203
FTRLProximal,0,NA,NA
natserv,0,NA,NA
awsjavasdk,1,awsjavasdk.Rmd,326
censys,0,NA,NA
hds,0,NA,NA
bossMaps,1,bossMaps.Rmd,649
attrCUSUM,1,attrCUSUM_examples.Rmd,612
acrt,0,NA,NA
bayesloglin,1,bayesloglin-R-package.Rnw,1677
DStree,0,NA,NA
KTensorGraphs,0,NA,NA
restrictedMVN,0,NA,NA
rFTRLProximal,0,NA,NA
spark.sas7bdat,1,spark_sas7bdat_examples.Rmd,178
UStatBookABSC,0,NA,NA
DISTRIB,0,NA,NA
factorcpt,0,NA,NA
utf8latex,0,NA,NA
findviews,0,NA,NA
ggguitar,1,my-vignette.Rmd,226
ROI.models.netlib,0,NA,NA
ztype,0,NA,NA
crosstalk,0,NA,NA
pgee.mixed,0,NA,NA
rocNIT,0,NA,NA
SpaTimeClus,0,NA,NA
aws.ses,0,NA,NA
SPPcomb,0,NA,NA
stmgui,0,NA,NA
pipeliner,1,Introduction.Rmd,887
DirectStandardisation,0,NA,NA
magicfor,1,magicfor.Rmd,640
MTDrh,0,NA,NA
MWRidge,0,NA,NA
PepSAVIms,1,Paper_Analysis.Rnw,2693
PepSAVIms,1,PepSAVIms_Introduction.Rnw,3815
FinancialMath,0,NA,NA
coprimary,0,NA,NA
BTYDplus,1,BTYDplus-HowTo.Rmd,4380
bpp,1,bpp_after_blinded_interim.Rmd,1765
MODISSnow,0,NA,NA
poptrend,0,NA,NA
ampd,0,NA,NA
DNLC,0,NA,NA
errorizer,1,errorize.Rmd,400
rtrends,0,NA,NA
CuCubes,0,NA,NA
GLMaSPU,0,NA,NA
magree,1,landis.Rnw,338
rrr,1,rrr.Rmd,1879
aws.polly,0,NA,NA
gofMC,0,NA,NA
Radviz,1,single_cell_projections.Rmd,1017
DCM,0,NA,NA
icesVocab,0,NA,NA
rccmisc,1,rccmisc.Rmd,483
robustsae,0,NA,NA
AmmoniaConcentration,0,NA,NA
bannerCommenter,1,Banded_comment_maker.Rmd,1133
bridger2,0,NA,NA
easypackages,1,easypackages-vignette.Rmd,625
melviewr,0,NA,NA
MultiBD,1,SIR-MCMC.md,339
MultiBD,1,SIR-MCMC.Rmd,380
MultiBD,1,SIRtrans.Rnw,2121
optigrab,1,coding-conventions.Rmd,88
optigrab,1,optigrab.Rmd,1640
PANDA,1,PANDA.Rnw,367
rt3,0,NA,NA
tswge,0,NA,NA
phuassess,0,NA,NA
SISIR,0,NA,NA
rhnerm,0,NA,NA
ClimDown,0,NA,NA
vkR,0,NA,NA
deconvolveR,1,deconvolution.Rmd,1678
freqdist,0,NA,NA
gbs2ploidy,0,NA,NA
rxSeq,1,rxSeq.Rnw,1184
camsRad,1,CAMS_solar_data.Rmd,472
eMLEloglin,0,NA,NA
effectFusion,0,NA,NA
listdtr,0,NA,NA
Przewodnik,0,NA,NA
testassay,1,GIAValidationExample.Rmd,831
tsdisagg2,0,NA,NA
GeomComb,0,NA,NA
notifyme,0,NA,NA
aslib,0,NA,NA
dynetNLAResistance,0,NA,NA
rIsing,0,NA,NA
rlo,0,NA,NA
survAWKMT2,0,NA,NA
quarrint,0,NA,NA
RDStreeboot,0,NA,NA
epistasis,0,NA,NA
SpaCCr,0,NA,NA
strat,0,NA,NA
mbclusterwise,0,NA,NA
ockc,0,NA,NA
Rdtq,0,NA,NA
pstest,0,NA,NA
relabeLoadings,0,NA,NA
ADCT,0,NA,NA
climbeR,1,climbeR_examples.Rmd,1327
DGCA,1,DGCA_basic.Rmd,306
gwfa,0,NA,NA
NegBinBetaBinreg,0,NA,NA
tinsel,0,NA,NA
apdesign,0,NA,NA
colormap,0,NA,NA
WEE,0,NA,NA
PhyInformR,0,NA,NA
CSclone,0,NA,NA
flock,0,NA,NA
jointNmix,0,NA,NA
LEANR,1,CCM-data.Rmd,208
LEANR,1,subnet-sim.Rmd,183
Planesmuestra,0,NA,NA
ptest,1,Introduction_to_the_ptest_package.Rmd,1169
qiitr,0,NA,NA
sparkline,1,intro_sparkline.Rmd,49
XRSCC,0,NA,NA
medfate,1,FireBehaviour.Rnw,5917
medfate,1,Hydraulics.Rnw,3202
medfate,1,RootSystems.Rnw,313
medfate,1,SoilWaterBalance.Rnw,5311
cthreshER,0,NA,NA
exteriorMatch,0,NA,NA
RSIP,0,NA,NA
HARtools,1,Basic_use.Rmd,539
horseshoe,0,NA,NA
msaFACE,0,NA,NA
pirate,0,NA,NA
rehh.data,0,NA,NA
wvtool,0,NA,NA
diffrprojectswidget,0,NA,NA
regtools,1,regtools.Rmd,1017
Rga4gh,0,NA,NA
starmie,1,using-starmie-admixture.Rmd,339
starmie,1,using-starmie.Rmd,1023
varband,1,varband-vignette.Rmd,628
diffrprojects,0,NA,NA
varSel,0,NA,NA
ordcrm,0,NA,NA
packagedocs,1,docs.Rmd,1503
packagedocs,1,rd.Rmd,42
MiRAnorm,0,NA,NA
rtext,0,NA,NA
stringb,0,NA,NA
rRAP,0,NA,NA
AdjBQR,0,NA,NA
gtheory,0,NA,NA
mhtboot,1,vignette1.Rnw,429
RDota2,1,RDota2.Rmd,2387
rgeoapi,0,NA,NA
endogenous,0,NA,NA
spftir,0,NA,NA
triangulation,0,NA,NA
MIDN,0,NA,NA
spellcheckr,0,NA,NA
fizzbuzzR,0,NA,NA
countyweather,1,countyweather.Rmd,3723
IRATER,0,NA,NA
gym,0,NA,NA
ABC.RAP,1,ABC.RAP.Rmd,847
corlink,0,NA,NA
ggloop,1,intro.Rmd,606
MullerPlot,1,MullerPlot.Rmd,765
validatejsonr,1,validatejsonr.Rmd,335
PCSinR,0,NA,NA
cryst,0,NA,NA
TDPanalysis,0,NA,NA
GraphFactor,0,NA,NA
KnapsackSampling,0,NA,NA
fontLiberation,0,NA,NA
RSarules,0,NA,NA
types,0,NA,NA
dbfaker,1,verifyWrite.Rmd,80
ISR3,0,NA,NA
scan,0,NA,NA
convertr,0,NA,NA
MethodCompare,0,NA,NA
exp2flux,0,NA,NA
haploReconstruct,0,NA,NA
rgw,0,NA,NA
valorate,0,NA,NA
ptwikiwords,0,NA,NA
sharpeRratio,0,NA,NA
tsSelect,0,NA,NA
sAIC,0,NA,NA
ordDisp,0,NA,NA
EBASS,1,my-vignette.Rmd,1149
fixedTimeEvents,1,fixedTimeEvents.Rmd,169
expandFunctions,0,NA,NA
sBIC,1,BinomialMixtures.Rmd,659
sBIC,1,FactorAnalysis.Rmd,439
sBIC,1,GaussianMixtures.Rmd,567
sBIC,1,LatentClassAnalysis.Rmd,972
sBIC,1,ReducedRankRegression.Rmd,489
sBIC,1,sBIC.Rmd,288
