pkg_name,manual_pages_cnt
gcite,17
EdSurvey,105
fdq,17
RBesT,67
recipes,151
tensorflow,17
BART,146
cleanNLP,32
lvnet,16
pinbasic,23
RcppMsgPack,11
SpaDES.core,135
valr,48
ggeffects,19
wTO,12
ems,39
GENEAclassify,21
jmv,51
reproducible,83
canvasXpress,6
divest,4
FRegSigCom,50
hommel,9
pkggraph,26
POUMM,40
Rdimtools,222
wrapr,58
DescToolsAddIns,7
giphyr,4
GJRM,112
LNIRT,5
mnreadR,30
palm,18
personalized,36
configr,19
dimRed,64
helixvis,5
skpr,26
sys,8
fastLink,36
fingertipsR,17
FSelectorRcpp,12
reqres,16
STARTS,9
AMCTestmakeR,9
nandb,36
Rcrawler,29
reportReg,4
aphid,46
gastempt,12
antiword,3
arsenal,53
dtangle,13
httptest,23
idefix,22
MALDIrppa,27
quickPlot,34
survHE,19
unrtf,3
walker,14
MADPop,10
memapp,5
breathteststan,8
elasticsearchr,20
exampletestr,4
gggenes,8
huxtable,92
worrms,23
mdmb,39
webmockr,27
WVPlots,37
augSIMEX,18
autothresholdr,12
eulerr,13
jmvcore,17
semtree,27
sessioninfo,6
shinyWidgets,138
spant,96
KarsTS,94
sigr,60
egg,9
numform,61
owmr,20
tidyRSS,4
dexter,44
redlistr,21
tesseract,6
VARtests,19
hutils,35
incidence,27
automultinomial,5
flextable,42
gibble,6
mvord,29
RATest,12
restriktor,59
shallot,22
spatstat.utils,38
AMModels,32
cpt,5
filesstrings,25
GDINA,81
greta,35
lemon,28
vennLasso,23
rsparkling,5
strip,5
atus,6
ebimetagenomics,12
spectrolab,48
sugrrants,10
uavRmp,20
vistime,4
ggspatial,13
BayesS5,22
commonsMath,3
drake,150
latexpdf,26
link2GI,22
electoral,10
JuliaCall,14
microdemic,10
MODIS,44
PhenotypeSimulator,37
reactR,4
rlang,135
rlas,9
sitree,35
solvebio,68
texPreview,7
CrossVA,8
d3r,15
dodgr,23
mmpf,8
mvLSW,21
NetworkInference,21
rsMove,32
rWind,15
sf,91
taskscheduleR,8
trackdem,23
blogdown,13
DEploid,16
isdparser,8
websearchr,11
xaringan,5
bikedata,22
dLagM,19
dynamichazard,37
FishResp,33
meteoland,65
osmdata,24
bridgesampling,25
cdata,22
RApiDatetime,5
lexicon,53
ciTools,42
poliscidata,56
webTRISr,5
wikitaxa,13
xtensor,4
antaresRead,33
bsplinePsd,8
charlatan,20
evaluator,33
hNMF,10
PowerUpR,33
PWEALL,89
sdpt3r,24
BimodalIndex,4
breathtestcore,37
clickR,41
dataPreparation,39
fergm,13
GenAlgo,10
pinyin,7
pivottabler,55
bcROCsurface,22
bookdownplus,7
grattan,75
queuecomputer,15
cosinor2,16
crminer,18
define,16
dendroTools,44
dslabs,19
readJDX,5
stormwindmodel,35
analytics,15
touch,10
GSED,12
hoardr,6
psychmeta,200
Rnightlights,86
treemapify,12
bamlss,129
mMPA,8
mrfDepth,77
antaresViz,35
BatchGetSymbols,9
FLightR,24
GetLattesData,8
GROAN,29
itunesr,4
partialCI,23
Rodam,5
stacomiR,189
tidyselect,7
airGR,70
emdi,31
NetworkChange,28
wooldridge,149
EFAutilities,14
mindr,10
nucim,22
billboarder,62
c212,59
easyreg,19
psda,11
sptemExp,42
pollen,6
ratelimitr,6
rmapzen,22
wallace,4
bazar,30
googledrive,54
pdSpecEst,52
spmoran,22
CMatching,23
comtradr,13
PWFSLSmoke,136
uiucthemes,10
auk,48
Delta,14
partitionComparison,51
rjmcmc,10
soundgen,70
spatstat.data,74
TileManager,6
ClassDiscovery,31
dataMaid,75
mdsOpt,25
odr,44
PeakSegJoint,27
RcmdrPlugin.RiskDemo,22
vein,74
tensorBF,12
WeightedROC,7
carData,57
loon,214
metaplot,59
nanotime,8
nonmemica,46
clustermq,19
fDMA,72
LearnGeom,38
shadow,30
antaresProcessing,26
BETS,54
ecm,12
scalpel,45
textreadr,20
ggridges,27
boxcoxmix,19
seplyr,35
frequencyConnectedness,35
grf,38
parallelDist,9
revengc,20
smapr,7
geex,44
geojsonR,13
jtools,87
sparsepp,4
uGMAR,91
HEMDAG,73
RInno,26
datasauRus,13
gravity,46
phuse,17
rcoreoa,17
ROptSpace,4
BayLum,61
CIAAWconsensus,10
dataCompareR,43
replyr,45
hetGP,59
later,4
ReIns,200
gdns,8
mbir,14
aiRthermo,45
graphon,16
hIRT,10
reprex,11
usmap,19
BLPestimatoR,22
spData,44
LabourMarketAreas,39
mize,23
moveVis,24
sgmcmc,31
document,8
EnvCpt,13
HDtest,13
knor,5
nse,13
SimPhe,26
bigstep,16
bomrang,20
geosapi,36
getCRUCLdata,13
ggmosaic,15
grec,7
merDeriv,6
odpc,13
sjlabelled,37
fastnet,42
IncDTW,23
mixKernel,13
PhylogeneticEM,54
prettycode,4
scorecard,19
zoocat,29
BIGL,40
datasets.load,7
ghibli,4
naniar,98
penaltyLearning,31
rly,8
udpipe,59
redR,10
reportROC,5
fitur,13
ggdmc,68
healthcareai,70
fastR2,65
gamesGA,7
iMediate,12
sinew,14
taxonomizr,22
bayesImageS,18
intccr,15
lero.lero,3
OOBCurve,5
PeerPerformance,19
RiskPortfolios,14
covatest,25
fdANOVA,26
cytometree,13
SSLASSO,7
eDMA,15
MCMCvis,13
tidycensus,14
vpc,27
bgsmtr,9
mclustcomp,6
supc,12
startup,12
symDMatrix,10
TeXCheckR,30
tfruns,15
adiv,94
BGData,22
gsynth,14
keras,315
perccalc,5
quickmatch,17
rtrim,33
scclust,17
stepPenal,16
CINNA,35
manet,9
micemd,28
sarima,65
BayesNetBP,24
BioInstaller,23
collapsibleTree,10
Eagle,22
geometa,240
GMSE,39
lidR,86
lmridge,33
rstantools,15
rvinecopulib,34
SSBtools,26
TLMoments,41
quickblock,10
rsolr,34
lagged,20
RLT,7
shinyFeedback,10
censusapi,6
dwapi,66
hrbrthemes,23
IPEC,47
mockery,7
sweep,30
timetk,21
narray,18
AbSim,20
bigstatsr,57
DMMF,22
GPrank,18
haploR,8
optrdd,5
textutils,17
batchtools,86
castor,136
datastructures,24
mapedit,16
openEBGM,32
processx,14
BMisc,15
cholera,65
civis,870
distances,8
vetr,21
LMfilteR,8
powerlmm,56
ProliferativeIndex,6
snakecase,14
EL2Surv,9
kirby21.base,8
kirby21.fmri,4
kirby21.t1,4
sequoia,22
subprocess,11
genBaRcode,25
libstableR,9
MCMCprecision,11
jcolors,8
IDmining,20
PRISMAstatement,4
taxa,96
gridsample,10
nsROC,28
roadoi,6
tmaptools,48
coda.base,11
crochet,8
DSAIDE,28
gasfluxes,18
MatrixLDA,13
reticulate,30
rPraat,69
simmer.plot,7
ggformula,121
icesTAF,37
pre,38
TOSTER,26
bayesplot,74
LncFinder,36
colourvision,45
hyper2,31
flifo,8
gcKrig,40
geomerge,19
janitor,22
statip,13
dotCall64,6
reghelper,23
sylly,20
makedummies,4
woeBinning,14
CBCgrps,8
CSeqpat,3
aws.ec2metadata,4
errors,18
GPoM,48
projmanr,8
regplot,4
dbplyr,18
netCoin,39
oddsratio,9
shinyjqui,18
simglm,80
textTinyR,46
anMC,20
safer,13
mapsapi,14
nmaINLA,20
officer,65
textclean,48
WordR,6
ggiraphExtra,39
MSbox,7
survutils,11
BAMBI,59
ggpval,3
wdman,8
BALCONY,50
ggstance,18
lumberjack,11
Seurat,171
spind,33
spm,66
vagalumeR,7
blastula,14
ncar,15
NonCompart,18
rwalkr,7
binman,13
CNLTreg,16
CNLTtsa,20
future.batchtools,7
qqplotr,17
rmpw,8
SmoothWin,8
CATkit,16
CodeDepends,34
dgo,17
easyDes,4
glue,11
pinp,4
rmda,16
RTransProb,37
scatterpie,5
BayesianTools,71
beyondWhittle,22
DendroSync,28
GCalignR,26
keyring,15
ordinalForest,13
spacyr,11
WRTDStidal,72
benchr,13
GreedyExperimentalDesign,22
MODIStsp,41
Rlinsolve,19
SpaDES.tools,59
FRK,41
htree,27
incadata,12
Rlda,47
gemlog,9
MAGNAMWAR,20
qGaussian,11
spass,39
desctable,29
polyPK,24
bayesDP,27
cetcolor,7
crul,32
MetaSubtract,6
pdfsearch,8
qicharts2,11
rhoR,17
spelling,5
phylopath,19
ggforce,34
ggraph,97
AcousticNDLCodeR,11
CytobankAPI,44
docxtools,7
ggfittext,4
bmixture,28
permDep,5
satscanMapper,22
GADMTools,31
kernelboot,15
visdat,20
DatabionicSwarm,39
GeneralizedUmatrix,14
ggedit,22
glmmTMB,27
processmapR,10
spup,40
disco,10
drtmle,31
neatmaps,10
simule,12
bupaR,34
GenomicMating,21
ImputeRobust,9
biolink,6
crplyr,5
expint,7
learnr,8
mfe,19
multicmp,5
pool,20
SCORPIUS,19
support.BWS2,21
taxlist,35
vegtable,39
cld3,3
dynOmics,8
prioritizr,189
raptr,68
ropercenter,5
SimMultiCorrData,133
colordistance,38
CytobankAPIstats,16
dng,9
GBJ,14
ClusterBootstrap,8
fetchR,10
jpmesh,12
padr,20
treeDA,12
unpivotr,21
catcont,7
cellWise,14
multinet,31
phylogram,12
coreCT,12
mosaicCore,34
patternplot,12
RIA,31
splot,13
hexSticker,8
KnowBR,31
subscreen,6
BUCSS,22
fastDummies,6
googleLanguageR,16
LEGIT,44
mlrMBO,47
tidyxl,22
momentuHMM,105
womblR,16
chinese.misc,37
cstab,7
ggimage,12
prodest,35
rdiversity,53
spam64,4
uptasticsearch,10
ahnr,6
asciiSetupReader,5
bayeslm,12
CircularDDM,7
MetaComp,8
fuser,8
walrus,11
AdhereR,79
bsamGP,58
loder,5
MultisiteMediation,14
prophet,15
jpndistrict,13
lingtypology,33
tuckerR.mmgg,8
ROpenDota,12
beginr,18
diceR,29
jwutil,48
leaflet.minicharts,10
manipulateWidget,32
ompr,34
ompr.roi,4
rclimateca,16
StatCharrms,41
teachingApps,20
odbc,20
bivrp,11
briskaR,32
ConR,16
fst,10
LAM,32
mixR,29
RegularizedSCA,23
textshape,40
tigreBrowserWriter,9
wikilake,6
SPAtest,10
alterryx,18
networktools,30
powerCompRisk,3
Tcomp,5
pkr,43
qrcmNP,22
rwc,19
tangram,68
excerptr,7
LocalControl,36
shinymaterial,29
hmi,54
PSTR,20
sitreeE,14
welchADF,14
metaforest,18
redux,14
graphkernels,21
purrrlyr,8
ramcmc,5
RatingScaleReduction,13
RchivalTag,39
rdwd,24
StructFDR,17
DClusterm,17
joineRML,53
qgam,28
RHMS,45
MetaLonDA,14
aws.s3,36
clampSeg,31
DisHet,6
edgarWebR,23
PeakSegOptimal,14
BiDAG,22
DPP,8
lvec,15
neurohcp,12
bssm,36
frailtyEM,23
ukbtools,27
unsystation,4
ALA4R,31
genotypeR,22
ICtest,43
margins,25
microPop,41
philentropy,19
prediction,17
quadprogXT,6
regnet,8
templates,4
ziphsmm,59
AIG,16
easycsv,14
kableExtra,24
tabularaster,9
MAVE,12
HURDAT,8
kutils,81
StepSignalMargiLike,17
CrossValidate,7
GAparsimony,26
ggjoy,3
Modeler,34
randgeo,8
rdist,6
rsurface,6
SIBERG,11
simsurv,9
Umpire,30
ClassComparison,40
datadogr,6
diffusr,9
implyr,11
oompaBase,10
Polychrome,18
PreProcess,21
TailRank,16
tukeytrend,10
ChoR,10
datasus,39
rust,40
HTSSIP,40
missRanger,6
PBNPA,4
vortexR,35
base64url,4
ffstream,16
MTA,14
rbi,28
treespace,31
mltools,22
ASIP,18
cld2,3
dartR,106
Knoema,3
MEclustnet,17
openSTARS,34
Select,9
shiny.semantic,25
blandr,29
MVisAGe,19
readtext,10
ROI.plugin.alabama,6
writexl,4
BIEN,62
tidyquant,31
coga,8
DescriptiveStats.OBeu,19
gdpc,14
LeArEst,9
preference,20
CondIndTests,16
dlib,4
gWQS,6
lmvar,56
nardl,10
sensors4plumes,80
imagine,7
optional,8
FactoInvestigate,33
pbdRPC,17
rpms,12
DAC,6
olsrr,74
ProjectionBasedClustering,27
SurvDisc,18
glm.predict,27
jsonld,4
weco,9
AR,7
mrbsizeR,28
PLMIX,37
PLmixed,16
pointblank,63
RAC,59
brt,7
estprod,7
IMIFA,57
Jdmbs,5
nprobust,15
sbart,3
BBMV,35
convexjlr,18
predtoolsTS,26
sqlscore,8
mathpix,4
mrgsolve,108
vdiffr,9
FHDI,10
SpatialFloor,14
edpclient,17
enviGCMS,49
lavaanPlot,5
MiRKAT,13
MittagLeffleR,7
nowcasting,13
survivALL,12
worms,9
EpiCurve,4
MARX,18
VarReg,22
APML0,9
komadown,3
leaflet.esri,14
rpql,29
leaflet.extras,42
s2,13
interflex,14
utilsIPEA,6
wiqid,81
ClusVis,10
denseFLMM,8
mschart,21
esmprep,67
HiCblock,10
HiCglmi,10
stampr,17
bioOED,15
genderBR,6
uncmbb,5
brglm2,21
classiFunc,21
corehunter,22
meltt,25
sglg,24
foghorn,8
yesno,4
fpp2,22
gldrm,14
MultiVarSel,6
survtmle,37
tsensembler,26
bioimagetools,23
di,3
snpReady,9
nmw,9
swmmr,12
AnnotationBustR,10
esvis,31
SentimentAnalysis,47
spc4sts,24
textstem,8
ggconf,9
liureg,25
ReinforcementLearning,11
tint,4
alfred,4
eply,9
RWildbook,12
bsplus,19
kernplus,5
bigKRLS,12
data.world,10
factorMerger,20
fbar,18
ForestTools,12
APfun,9
epidata,21
toxplot,13
UncertainInterval,28
sparseFLMM,15
cvequality,7
errorlocate,13
mstR,65
normalr,5
bindrcpp,3
geofacet,24
phantom,7
SeqKat,13
encode,9
productivity,36
SubTite,8
bairt,41
dfped,46
ssc,42
quotedargs,7
blob,3
interp,38
orthoDr,13
windfarmGA,48
DMRnet,22
sfdct,5
DPWeibull,30
GPGame,22
SetTest,21
AdapSamp,7
horserule,10
incR,15
RNRCS,8
descriptr,31
eventdataR,5
rarhsmm,20
gamRR,6
metScanR,25
RNAsmc,15
g2f,7
QuantTools,65
Rgb,68
datetime,15
splithalf,14
survidm,28
wpp2017,14
EthSEQ,4
metaviz,22
MonteCarlo,9
rdlocrand,13
adaptiveGPCA,11
gfmR,10
patentsview,12
assignPOP,15
bindr,4
pacotest,13
xtractomatic,11
aniDom,16
gfer,28
widyr,13
datetimeutils,16
Rcriticor,9
rmonad,31
sim1000G,27
cronR,9
EpiILM,12
wgeesel,20
lime,20
anomalyDetection,18
ACMEeqtl,13
KraljicMatrix,14
origami,12
robets,10
slickR,5
adeba,11
hansard,57
RcmdrPlugin.aRnova,9
tmcn,20
OpenML,57
rpostgisLT,13
ashr,60
DoE.MIParray,16
fauxpas,18
GetITRData,13
ldhmm,30
idmTPreg,10
projector,7
worldmet,9
zenplots,40
fuzzywuzzyR,14
photobiologyLamps,19
rospca,17
nzpullover,10
Rcssplot,22
rpgm,27
stoRy,12
bea.R,9
CPBayes,16
multfisher,8
BEACH,4
lassopv,5
suncalc,9
VeryLargeIntegers,36
CircMLE,18
sNPLS,15
confSAM,4
ratios,16
ggmuller,17
PakPC2017,14
Brundle,19
clust.bin.pair,8
ratesci,16
EMMIXcskew,15
inferr,27
mopa,24
Rilostat,15
revdbayes,61
swCRTdesign,15
tatoo,45
fivethirtyeight,105
tidygraph,59
npcopTest,6
vote,12
adepro,5
OutliersO3,10
PTXQC,77
valuer,49
MBC,15
multiApply,5
quantoptr,30
survivalsvm,8
aVirtualTwins,18
gk,13
pcev,10
ICSOutlier,19
pipeGS,5
SpaDES.addins,4
cifti,13
gifti,11
modmarg,8
opticut,43
denoiSeq,10
nlsr,30
OOR,9
BeSS,27
ggQC,91
RBMRB,17
robustBLME,8
spatstat.local,34
tibbletime,23
atsd,16
ludic,12
phylotate,7
tRophicPosition,37
waver,6
clustRcompaR,9
libsoc,37
zeallot,8
ANOVAreplication,13
bigtcr,9
kokudosuuchi,7
languagelayeR,4
censusr,8
diagis,9
finch,8
gradDescent,31
heims,13
datapasta,17
highlightHTML,7
TCIApathfinder,17
BibPlots,6
Xplortext,32
gLRTH,5
OmicsPLS,22
pals,39
CreditRisk,16
LinkageMapView,13
nofrills,9
rMR,23
tropAlgebra,12
dat,13
equSA,26
abjutils,11
lbreg,15
PSW,14
RNAseqNet,16
rrpack,30
canprot,19
dtree,5
SMMA,10
mau,20
optimus,13
ROI.plugin.lpsolve,6
splashr,40
easySdcTable,12
COMBAT,6
cordillera,14
photobiologyLEDs,18
Emcdf,7
preText,28
PRIMME,9
rSQM,8
tsdf,12
brant,3
IATScore,5
influxdbr,13
MultiRNG,16
RandPro,7
rFSA,13
UnivRNG,18
elevatr,6
Rbgs,10
RGBM,25
univOutl,14
constants,5
csv,5
dynsbm,18
sgee,32
grove,8
fmbasics,34
MatManlyMix,8
fastrtext,18
fmdates,15
ipft,16
SparseDC,14
tidystringdist,4
Biolinv,19
miRNAss,7
naivebayes,8
sofa,44
bhm,16
rxylib,7
widgetframe,6
msde,19
mudfold,22
AmesHousing,7
PKPDmisc,46
stringformattr,4
SyncRNG,4
zonator,59
cleanEHR,39
gofastr,13
BisRNA,13
clustEff,13
GMAC,6
elo,14
libcoin,6
corpus,32
inum,5
refset,9
parsemsf,7
Inventorymodel,22
plotrr,8
mazeGen,66
mdw,5
networkGen,10
striprtf,5
xesreadR,5
EAinference,17
harrietr,7
NestedCategBayesImpute,31
adapr,107
goftte,15
passport,10
SASmarkdown,11
MUS,19
Dforest,15
phase1RMD,20
simEd,64
cctools,8
unitizer,36
CorporaCoCo,9
IDCard,6
MHTdiscrete,20
powdist,24
futility,12
KMgene,37
LCF,10
ManifoldOptim,15
epicontacts,24
ICRanks,6
RcppHMM,37
RcppTN,8
AWR.Athena,4
wicket,9
easyAHP,3
xslt,3
gamreg,4
revgeo,3
spiderbar,5
sppmix,101
modest,3
ICCbin,7
dparser,28
StakeholderAnalysis,17
qboxplot,5
rsample,24
ThankYouStars,3
BatchMap,61
anocva,10
PdPDB,5
rGoodData,4
rLDCP,20
rODE,61
geojson,25
epxToR,5
Diderot,33
RcppQuantuccia,12
ArCo,11
lplyr,8
Pstat,27
RJSplot,30
slowraker,6
infraFDTD.assist,8
MBHdesign,9
phylocanvas,9
rsurfer,43
coppeCosenzaR,30
vfcp,20
countyfloods,24
FinAna,11
kaphom,7
meanr,5
routr,9
GerminaR,22
WWR,17
cbar,14
MOEADr,56
MoLE,61
nspmix,25
optimization,12
EfficientMaxEigenpair,15
MHCtools,14
WaveLetLongMemory,4
zFactor,20
debugme,4
docuSignr,9
groupdata2,19
oii,10
ROI.plugin.msbinlp,4
ROI.plugin.optimx,3
liteq,11
EasyMx,22
htm2txt,4
mafs,7
monoreg,13
LZeroSpikeInference,11
geomedb,5
sicegar,25
vennplot,6
GSMX,5
rucrdtw,14
curstatCI,10
icmm,22
iDINGO,15
HybridFS,6
brea,5
colf,12
RcppBlaze,6
Replicate,7
BMhyb,44
D3partitionR,15
editData,10
BaTFLED3D,38
BrownDog,7
DWLasso,9
DataEntry,4
proustr,14
confinterpret,25
additiveDEA,23
TSCS,21
msaR,5
basictabler,32
msu,12
SimTimeVar,15
statsDK,7
apercu,5
CHMM,9
MFKnockoffs,30
ArchaeoPhases,46
breakfast,17
glacierSMBM,97
isnullptr,3
pder,46
pifpaf,55
ecoseries,5
EventStudy,15
importar,3
kfda,5
LFDREmpiricalBayes,10
tinyProject,16
BNPMIXcluster,16
coinmarketcapr,4
d3plus,5
econullnetr,23
prioritylasso,9
parlitools,11
leabRa,12
mosaicModel,33
MRFA,14
OBMbpkg,4
RcmdrPlugin.sutteForecastR,3
regexSelect,5
USCF,3
brazilmaps,8
magicLamp,5
QLearning,7
rstansim,24
softermax,12
cptec,12
ensemblepp,5
FDRSeg,14
ROI.plugin.clp,1
binaryGP,12
BMT,50
curvecomp,9
envDocument,10
EQUIVNONINF,59
fusionclust,7
gma,15
IGP,15
kpeaks,14
SiER,7
sure,15
BNSL,11
leafSTAR,23
mcMST,22
tsgui,5
cytominer,14
randnet,23
rbtt,4
SampleSize4ClinicalTrials,4
DES,5
googleComputeEngineR,80
MsdeParEst,16
wildcard,6
AurieLSHGaussian,3
CATTexact,5
gradientPickerD3,4
linemap,7
MFT,11
veccompare,15
CausalImpact,8
causalMGM,7
glassdoor,10
ADPF,5
auto.pca,3
DCD,10
medmod,6
PredPsych,20
unifDAG,4
GauPro,22
nos,12
opendotaR,6
sutteForecastR,3
yuimaGUI,3
MTSYS,41
CARS,5
fecR,10
GeoMongo,7
RTaxometrics,37
distrr,10
repurrrsive,10
SMM,37
AWR,1
Bios2cor,50
cprr,6
mapReasy,14
modelwordcloud,3
multilaterals,19
PakPMICS2014Ch,10
PakPMICS2014HH,8
PakPMICS2014HL,5
PakPMICS2014Wm,11
unjoin,4
csabounds,10
FactorsR,18
madrat,36
Ohit,7
TNC,11
UdderQuarterInfectionData,7
FuzzyNumbers.Ext.2,17
graphql,3
RcextTools,14
VDSPCalibration,9
billboard,7
BosonSampling,6
cbanalysis,4
dplyrAssist,6
freqdom.fda,23
re2r,23
RGeode,13
threshr,19
alphavantager,4
doubcens,4
pcdpca,5
ShinyImage,7
AlphaVantageClient,4
BinarybalancedCut,3
afpt,30
cr17,13
DelayedEffect.Design,10
EcoIndR,11
Inflation,8
jaod,7
rDotNet,9
ari,5
cdparcoord,10
npphen,13
wktmo,5
cenGAM,8
deltar,16
seedCCA,12
ebmc,14
FPV,10
LowWAFOMSobol,5
mcompanion,53
MTE,9
nomogramEx,4
PeriodicTable,7
sensitivitymult,30
caffsim,9
ccmm,8
dmutate,6
PSIMEX,27
SpatialEpiApp,3
LowWAFOMNX,5
prcr,8
accSDA,21
Ecohydmod,7
mExplorer,6
multdyn,19
noncomplyR,6
Strategy,33
ActiveDriver,7
genepop,16
kntnr,7
macc,18
ConfigParser,4
esreg,8
R2DGC,7
simpleCache,13
SLICER,11
STARTdesign,4
Wrapped,6
InfoTrad,13
ircor,5
GRCdata,9
happybiRthday,3
ccRemover,9
sasMap,9
CompDist,11
forwards,7
gamCopula,50
AssayCorrector,7
atlantistools,71
IceCast,36
ggquiver,4
GrpString,24
LBSPR,23
PeakSegDP,11
samon,34
SorptionAnalysis,7
CIplot,7
ConfoundedMeta,7
fastJT,9
lmmen,9
tsiR,18
rdpla,12
dataMeta,10
IAbin,6
rasterList,13
rcv,15
valaddin,22
vanddraabe,116
vocaldia,24
GEint,14
IPMRF,17
poker,35
PsyControl,7
kangar00,30
OHPL,13
blink,7
default,3
multiCA,8
permGS,17
statesRcontiguous,6
restfulr,8
ggversa,20
italy,4
equaltestMI,13
GFA,13
metaBMA,20
RcppXPtrUtils,4
soilcarbon,19
SpatialAcc,8
banR,8
cranlike,6
echogram,19
EMAtools,7
ggsignif,5
lmmpar,4
multistate,55
rddensity,10
svenssonm,6
ambhasGW,6
GreedyEPL,5
IrishDirectorates,4
MixtureRegLTIC,13
rtimicropem,12
subgroup.discovery,23
tbl2xts,4
ThermIndex,8
dejaVu,26
DoEstRare,4
fasjem,11
glmnetUtils,12
kpmt,7
structree,9
nonlinearICP,7
fChange,27
rclipboard,5
RkMetrics,7
CDVineCopulaConditional,18
mmtsne,7
lsplsGlm,21
mosaicCalc,12
optiSolve,27
iRF,36
maxTPR,5
unrepx,19
bayeslongitudinal,9
concaveman,4
ggseqlogo,7
MRTSampleSize,9
PowerNormal,8
seqICP,16
sidrar,6
GGEBiplots,11
pcensmix,14
c2c,10
geoGAM,33
dsmodels,19
prisonbrief,5
vcov,4
spNNGP,13
DCA,8
BayesianGLasso,4
FastSF,16
harmonicmeanp,8
ivregEX,23
liquidSVM,53
OBRE,7
scifigure,5
diffpriv,24
social,7
brlrmr,11
Census2016,5
cnbdistr,8
ercv,19
flexsurvcure,6
fragilityindex,6
LCox,4
sergeant,21
gh,8
llogistic,4
senstrat,18
centiserve,42
docker,3
DrImpute,6
randomForestExplainer,11
spongecake,5
tetraclasse,5
TSF,6
credsubs,10
geotoolsR,16
interfr,8
noaastormevents,13
facebook.S4,63
interim,11
integIRTy,18
NameNeedle,6
roots,17
AutoDeskR,15
dGAselID,18
FUNLDA,6
netcom,6
oompaData,6
PoloniexR,31
SFS,6
decomposedPSF,6
fcm,5
lpdensity,9
mthapower,5
postlightmercury,4
fcuk,6
ggplotgui,3
l1kdeconv,8
mixlink,19
waccR,4
BNPMediation,6
SobolSequence,4
textile,3
Autoplotprotein,23
correlbinom,3
ggChernoff,8
mandelbrot,5
Robocoap,5
assocInd,40
awspack,3
catSurv,62
coxphSGD,5
midas,4
numGen,15
SuperGauss,15
aws.cloudtrail,9
aws.sns,11
aws.sqs,14
cepR,5
SSM,12
wql,48
aurelius,65
ecolottery,18
mnis,29
autoBagging,26
aws.lambda,9
geoSpectral,61
hurdlr,18
kgschart,6
quickregression,4
rsoi,7
aws.iam,14
fence,24
hbdct,4
MicroMacroMultilevel,19
SkyWatchr,8
BiBitR,35
hhh4contacts,21
scpm,18
StratifiedRF,7
BradleyTerryScalable,21
gsloid,6
kazaam,27
My.stepwise,8
pinnacle.data,5
assertable,9
ExpRep,19
ForecastFramework,85
goldi,9
ppcc,8
SFtools,9
sparsio,3
FSTpackage,8
gmediation,5
NCSampling,17
Opportunistic,5
otrimle,16
BayesTwin,13
CRANsearcher,3
intRvals,22
plater,7
pltesim,8
rattle.data,9
twfy,22
net.security,5
tidygenomics,8
DZEXPM,5
MultiSkew,10
BCgee,5
corset,5
JumpTest,11
m2r,31
mljar,16
nlsrk,20
SCAT,7
MOQA,26
rMouse,11
rrcov3way,29
swapClass,6
ftDK,4
anchoredDistr,11
mssqlR,6
POMaSPU,5
rematch2,8
RLeafAngle,27
taxizedb,9
ukbabynames,4
clinPK,44
namedCapture,6
PeakError,6
sfadv,9
forecastSNSTS,12
processmonitR,4
ECFsup,12
secret,20
CityWaterBalance,15
phenopix,66
baseballDBR,31
dataverse,34
GeoRange,29
mccr,3
pleiades,7
zooaRchGUI,9
nscprepr,3
ZIBseq,6
d3Tree,5
argon2,6
patternator,6
SanFranBeachWater,7
standardize,17
featurizer,5
orderstats,7
colorpatch,24
soptdmaeA,12
frequencies,4
getmstatistic,9
mixEMM,5
Risk,31
xsp,4
gqlr,15
iNOTE,10
BAYESDEF,4
bdlp,17
covfefe,4
gamlssbssn,4
gghalfnorm,3
HDCI,24
iadf,14
piton,3
pwrAB,5
rpst,8
themetagenomics,27
zstdr,5
capn,34
imaginator,12
ck37r,22
eesim,35
glmertree,6
KRMM,14
NB.MClust,5
hypersampleplan,11
logOfGamma,3
webglobe,12
kerasR,66
QPBoot,13
baitmet,11
difconet,11
ElastH,9
ids,10
ImaginR,7
logistic4p,13
pencopulaCond,25
mdpeer,17
DDM,35
dfCompare,3
phrasemachine,7
here,4
SmartSVA,4
didrooRFM,3
polypoly,6
SeerMapper,63
stratvns,4
CharFun,45
stratbr,5
tictactoe,10
apng,5
rdoxygen,6
timelineR,4
TriadSim,14
lans2r,10
wally,7
RHPCBenchmark,60
RNAstructureModuleMiner,13
ROI.models.miplib,5
rpatrec,15
xLLiM,25
Rd2md,7
sotu,5
NPMOD,4
AHMbook,65
CATT,3
checkarg,583
kdevine,14
numKM,3
poisbinom,4
printr,3
GUIgems,22
easyNCDF,14
zeligverse,3
ExcessMass,11
PROscorer,12
rif,23
PairwiseD,6
PROscorerTools,16
slim,12
gomms,5
GEEmediate,4
learnrbook,9
mbgraphic,34
diffMeshGP,5
EpistemicGameTheory,4
fastTextR,8
iGSEA,5
jocre,15
lifelogr,32
shinycssloaders,4
sinib,4
usedist,7
iECAT,10
lhmixr,10
pawls,5
WebGestaltR,18
lindia,11
lsasim,15
outbreaks,18
qrsvm,6
AcuityView,4
plotprotein,21
IndianTaxCalc,6
RPEXE.RPEXT,22
PROreg,52
pwr2,9
cowbell,11
crunchy,4
ContourFunctions,10
DataGraph,10
idar,35
seasonalview,5
kmcudaR,4
m2b,16
qrmix,9
discord,8
dsrTest,10
KSEAapp,11
mut,14
ncdump,4
onehot,4
angstroms,10
EML,30
MHTmult,12
MetaboList,4
pafdR,5
SPADAR,10
ChocoLattes,17
dataseries,4
mockr,4
casebase,15
gsrsb,27
WikidataQueryServiceR,5
aSPC,3
mstherm,13
bulletr,18
coxphMIC,8
md.log,4
censCov,5
RandMeta,4
zip,4
ajv,10
BarBorGradient,6
ider,14
nonpar,7
ring,30
selectapref,4
startR,26
chemmodlab,13
CrossScreening,17
KENDL,5
RpeakChrom,13
SADISA,9
simMP,5
statGraph,17
unix,7
PortfolioOptim,7
PCADSC,12
yarrr,18
icosa,48
TSGSIS,5
uqr,7
WLreg,9
mro,4
complexity,3
bayesCL,8
SeerMapper2010East,7
SeerMapper2010West,6
StatPerMeCo,11
thankr,4
fpest,3
nopaco,9
R2ucare,27
SeerMapper2010Regs,7
spec,10
Tnseq,7
tubern,12
wrangle,15
marcher,21
optrcdmaeAT,13
SeerMapperEast,7
SeerMapperWest,6
fastqcr,11
GADAG,14
GLIDE,8
D3GB,14
lspline,5
SeerMapperRegs,7
mRchmadness,20
skeletor,4
duckduckr,4
IMTest,5
MedDietCalc,46
micEconIndex,5
secure,10
sylcount,6
classifierplots,9
CoFRA,9
eshrink,11
zfa,6
HYRISK,27
TSMN,6
afmToolkit,21
groupsubsetselection,6
nlshelper,9
vesselr,6
xbreed,25
xyz,5
enrichR,4
medicare,13
grapes,4
InterfaceqPCR,5
SARP.moodle,29
tensorr,21
aptg,3
focusedMDS,4
kscons,6
optim.functions,4
BLModel,8
fam2r,19
metavcov,32
moezipfR,15
patternize,36
tilegramsR,13
tsqn,12
itan,14
shinyHeatmaply,3
NetworkRiskMeasures,13
slimrec,12
TeachBayes,21
vortexRdata,10
docstring,4
IPWsurvival,8
PCFAM,13
affluenceIndex,12
summariser,5
tsxtreme,19
CVR,14
pathmapping,27
xlsimple,6
FMC,5
gpg,7
orgutils,7
rnaturalearth,14
rolr,11
stmgp,8
EstimateGroupNetwork,10
Rvoterdistance,11
shinyShortcut,3
OSCV,23
BASS,11
BCSub,5
CNull,30
FlexDir,21
RankingProject,10
rolypoly,19
gee4,14
gatepoints,4
outreg,5
collpcm,11
radmixture,9
cmpprocess,6
iNextPD,13
rdataretriever,6
HoRM,32
SigOptR,10
CONS,4
iSDM,9
SymTS,14
VertexSort,11
badger,8
BCellMA,16
NHLData,104
readOffice,4
cpr,34
otinference,5
remindR,5
edarf,9
funchir,10
gt4ireval,7
MLID,20
twilio,6
VarED,4
CPsurv,12
SubgrpID,59
CensSpatial,28
cghRA,66
Dpit,10
cropdatape,3
fitplc,10
gaiah,18
WPKDE,6
DiffNet,11
rcc,5
dirmcmc,10
extdplyr,7
fontHind,5
fontMPlus,16
gbts,10
leafletCN,7
misreport,16
automagic,6
AWR.Kinesis,5
betacal,4
ccafs,15
europop,4
som.nn,24
TAR,17
EnviroPRA,28
InvasionCorrection,3
naptime,4
neighbr,8
prefeR,9
robustarima,15
BayesSpec,5
BCC1997,4
bsearchtools,17
DecorateR,4
lclGWAS,6
mle.tools,11
rnaturalearthdata,6
stdvectors,6
AWR.KMS,5
BayesFM,22
colorr,7
fileplyr,7
gMOIP,12
GSparO,4
upmfit,6
educineq,18
keyringr,6
marinespeed,18
opusminer,6
rope,7
spdownscale,7
ubeR,13
condir,10
velociraptr,18
warpMix,8
dgodata,5
eefAnalytics,21
paperplanes,3
rapiclient,6
HRQoL,52
maxnet,7
optbdmaeAT,12
BayesCombo,10
FuzzyStatTra,48
OCA,14
GPB,4
cbird,5
mdftracks,6
QuantileGradeR,9
samplingDataCRT,9
SMLoutliers,4
mbrglm,9
flippant,12
superheat,10
moveWindSpeed,11
mpe,11
readHAC,6
SignifReg,4
EnsCat,18
ShinyTester,4
sonify,4
ssmsn,4
iBST,14
flood,17
inspectr,11
observer,8
poio,12
alphabetr,19
gbp,41
hurricaneexposure,30
tracer,3
LumReader,37
sparsestep,11
BayesPieceHazSelect,4
eclust,46
nparsurv,4
mutSignatures,18
NORMA,12
powerEQTL,21
rKIN,12
simpleSetup,4
chi2x3way,21
skm,18
ICV,14
intrval,10
kpcalg,21
mglR,37
SOFIA,10
tea,24
teda,8
rcure,8
testforDEP,8
bytescircle,5
caesar,4
cleanr,15
conditions,10
bayesianETAS,8
rCAT,16
cumstats,15
maxmatching,4
PoSI,8
InfiniumPurify,10
rwars,6
GeneClusterNet,9
SADEG,13
sparkwarc,4
EBrank,4
rld,15
zTree,6
esmisc,4
NetWeaver,22
QRank,6
BoolFilter,16
esaddle,12
rjsonapi,6
sysid,37
BivRegBLS,40
fabCI,9
ltxsparklines,8
Plasmidprofiler,18
semver,8
crisp,15
FixSeqMTP,22
requireR,3
dSVA,4
HeritSeq,13
minimalRSD,7
Partiallyoverlapping,5
pwt9,4
Redmonder,5
tsdecomp,21
TSeriesMMA,3
colr,5
FTRLProximal,8
natserv,9
awsjavasdk,5
censys,15
hds,10
bossMaps,18
attrCUSUM,16
acrt,13
bayesloglin,8
DStree,15
KTensorGraphs,5
restrictedMVN,6
rFTRLProximal,11
spark.sas7bdat,4
UStatBookABSC,7
DISTRIB,8
factorcpt,9
utf8latex,37
findviews,8
ggguitar,7
ROI.models.netlib,4
ztype,6
crosstalk,11
pgee.mixed,10
rocNIT,3
SpaTimeClus,10
aws.ses,8
SPPcomb,10
stmgui,4
pipeliner,16
DirectStandardisation,7
magicfor,5
MTDrh,5
MWRidge,4
PepSAVIms,20
FinancialMath,50
coprimary,13
BTYDplus,41
bpp,27
MODISSnow,4
poptrend,14
ampd,4
DNLC,7
errorizer,4
rtrends,6
CuCubes,8
GLMaSPU,10
magree,12
rrr,11
aws.polly,7
gofMC,15
Radviz,27
DCM,4
icesVocab,8
rccmisc,16
robustsae,7
AmmoniaConcentration,3
bannerCommenter,5
bridger2,26
easypackages,7
melviewr,4
MultiBD,8
optigrab,17
PANDA,9
rt3,9
tswge,125
phuassess,7
SISIR,12
rhnerm,6
ClimDown,9
vkR,53
deconvolveR,6
freqdist,3
gbs2ploidy,9
rxSeq,16
camsRad,7
eMLEloglin,5
effectFusion,12
listdtr,11
Przewodnik,9
testassay,8
tsdisagg2,4
GeomComb,36
notifyme,7
aslib,21
dynetNLAResistance,6
rIsing,5
rlo,8
survAWKMT2,5
quarrint,19
RDStreeboot,7
epistasis,21
SpaCCr,17
strat,6
mbclusterwise,14
ockc,5
Rdtq,8
pstest,5
relabeLoadings,4
ADCT,8
climbeR,8
DGCA,42
gwfa,7
NegBinBetaBinreg,21
tinsel,6
apdesign,5
colormap,5
WEE,23
PhyInformR,19
CSclone,9
flock,6
jointNmix,14
LEANR,10
Planesmuestra,16
ptest,17
qiitr,9
sparkline,7
XRSCC,25
medfate,50
cthreshER,7
exteriorMatch,6
RSIP,5
HARtools,6
horseshoe,13
msaFACE,11
pirate,9
rehh.data,4
wvtool,22
diffrprojectswidget,7
regtools,17
Rga4gh,38
starmie,17
varband,9
diffrprojects,24
varSel,5
ordcrm,18
packagedocs,10
MiRAnorm,6
rtext,9
stringb,30
rRAP,7
AdjBQR,8
gtheory,8
mhtboot,14
RDota2,27
rgeoapi,11
endogenous,7
spftir,14
triangulation,5
MIDN,6
spellcheckr,4
fizzbuzzR,3
countyweather,25
IRATER,18
gym,16
ABC.RAP,12
corlink,4
ggloop,18
MullerPlot,7
validatejsonr,5
PCSinR,8
cryst,9
TDPanalysis,10
GraphFactor,7
KnapsackSampling,6
fontLiberation,1
RSarules,4
types,5
dbfaker,3
ISR3,6
scan,38
convertr,6
MethodCompare,9
exp2flux,6
haploReconstruct,26
rgw,6
valorate,19
ptwikiwords,3
sharpeRratio,5
tsSelect,5
sAIC,4
ordDisp,6
EBASS,18
fixedTimeEvents,10
expandFunctions,24
sBIC,27
